6.719792643201216720e-03,2.618327246246429496e+01,2.894339370413927082e+00
9.472685534682057096e-03,4.103030595654678336e+01,4.088363048979521963e+00
1.784775135087057762e-02,8.091502284341311224e+01,7.750378304803638763e+00
2.284040974571910354e-02,1.121492445631716208e+02,9.954394989677037842e+00
2.926334860193424703e-02,1.232675443132542625e+02,1.281266608747286284e+01
3.591720992724822814e-02,1.479507775244880179e+02,1.580062893045902683e+01
3.709772767395058679e-02,1.943300035079914494e+02,1.633359484923822791e+01
4.009101269052450789e-02,1.645411695503767646e+02,1.768879528320452010e+01
4.093039944183329837e-02,1.900784939084475127e+02,1.806980882031282931e+01
4.391547057876654669e-02,1.920876547898076865e+02,1.942827081006053547e+01
4.982039143952499138e-02,2.265183985421395221e+02,2.213146095542120406e+01
5.104683682212618479e-02,2.486326341155814248e+02,2.269555677717541187e+01
5.374493031830196443e-02,2.532370980958759219e+02,2.393971902223336201e+01
5.598052098157069167e-02,2.649272857329534645e+02,2.497392479280480160e+01
7.479780975301753010e-02,3.240121964286373668e+02,3.379694459647180338e+01
7.673234079588397982e-02,3.469371687947035525e+02,3.471584722174716120e+01
8.321094266078543633e-02,4.555931378926857178e+02,3.780908618448753344e+01
8.369046160050608307e-02,3.300446981605908263e+02,3.803900466187621277e+01
8.699625198747629184e-02,3.754927223446065341e+02,3.962767861271120751e+01
8.699963603126992240e-02,3.510521683615696702e+02,3.962930812973802119e+01
9.091046565285698655e-02,4.286139665420306528e+02,4.151689932924659132e+01
9.158390553398554346e-02,4.177868136838610553e+02,4.184282810098435590e+01
9.174875863619713634e-02,3.931245551901817521e+02,4.192265272497965611e+01
9.507001601933207091e-02,4.287733133682570497e+02,4.353417904918811132e+01
1.075271362072134362e-01,4.671734681735184722e+02,4.963452900665167533e+01
1.172969921791926495e-01,4.565108686256248234e+02,5.448008041673282520e+01
1.191779360596114667e-01,6.106627718980248574e+02,5.541908361099164182e+01
1.247436274810638235e-01,6.278412465197193342e+02,5.820906057754048391e+01
1.253030250312570093e-01,4.988304906629275592e+02,5.849042178068416575e+01
1.311547245628774672e-01,6.302831645780901226e+02,6.144396453902185584e+01
1.348540775112545553e-01,5.852652640163903470e+02,6.332081047292039244e+01
1.382305280304134687e-01,6.238954473409899038e+02,6.504033189005072302e+01
1.420591408543132594e-01,6.327392313961909167e+02,6.699759436833885218e+01
1.436850638489524101e-01,7.734771227786820873e+02,6.783119064724942859e+01
1.455775251390309943e-01,6.330691063137509218e+02,6.880322932755670706e+01
1.473632644491098542e-01,7.073646634879612520e+02,6.972221404198738526e+01
1.508128144083387134e-01,7.229587909743820546e+02,7.150226725996655830e+01
1.520102913645158260e-01,6.765152104859841984e+02,7.212167966888185333e+01
1.606061750997587190e-01,8.619905032843128083e+02,7.659036044236405871e+01
1.648253459663227005e-01,8.949534092494704964e+02,7.879801126465500261e+01
1.709904305155487414e-01,9.777570670525518608e+02,8.204059754442729968e+01
1.744355374228248046e-01,8.772791516383632597e+02,8.386119689602607252e+01
1.829144711784371768e-01,8.849667662268534514e+02,8.836806682884295583e+01
1.865911288195878370e-01,7.106075433003220496e+02,9.033380752500505650e+01
1.878722361112206141e-01,8.139037202468655323e+02,9.102037634270823219e+01
1.894445387046364004e-01,8.732765701861670777e+02,9.186414271227354789e+01
1.904777737403460236e-01,9.583476773140729392e+02,9.241930518111860238e+01
1.968842076758881010e-01,1.004275580594462213e+03,9.587356641898998078e+01
1.977837061462366375e-01,9.939680456421471035e+02,9.636021942941565044e+01
2.026424213864721491e-01,8.346165706873857744e+02,9.899592846945478186e+01
2.037829916959101872e-01,9.853143160189415539e+02,9.961636413258486300e+01
2.074837665023459010e-01,9.465241584016368961e+02,1.016339325359299579e+02
2.093136169098857025e-01,1.178094569999396526e+03,1.026340320390130074e+02
2.135905339019970040e-01,1.048451222221716307e+03,1.049780234110724706e+02
2.168522231712683990e-01,1.006778198097087966e+03,1.067716651202735534e+02
2.168714506186093516e-01,1.141041240155321702e+03,1.067822539995313775e+02
2.197352046854532670e-01,1.176451588865529857e+03,1.083613919113444410e+02
2.198509134147195176e-01,1.210333677076385129e+03,1.084252805395676518e+02
2.208273599560421907e-01,9.660208042519528817e+02,1.089646861273257628e+02
2.263865886455262988e-01,1.232777423571508507e+03,1.120445371731457556e+02
2.269037497670760573e-01,1.168886155084499705e+03,1.123318101838055156e+02
2.272799502907092428e-01,9.566769792552895524e+02,1.125408635945137661e+02
2.273477341206187052e-01,1.050843894375061382e+03,1.125785381250056929e+02
2.368144501501785459e-01,1.435377110416194682e+03,1.178619073755025539e+02
2.379701398175995131e-01,1.338821336977733836e+03,1.185098390500383658e+02
2.397381820314838929e-01,1.289488929342985330e+03,1.195023153199824719e+02
2.403185550286086603e-01,1.135082690126375383e+03,1.198284274246984609e+02
2.440343886014264552e-01,1.169013675998851340e+03,1.219201472567157225e+02
2.441342702770306072e-01,1.359814363090875986e+03,1.219764630263551908e+02
2.471127544211144667e-01,1.256857585948796668e+03,1.236579724684068680e+02
2.504084823834877849e-01,1.226786095154765007e+03,1.255234542797194592e+02
2.566302366912722732e-01,1.374488117338815073e+03,1.290590317019794782e+02
2.569457438461175691e-01,1.158128763763558254e+03,1.292388032441323276e+02
2.596492159896444107e-01,1.217258390019566377e+03,1.307811005589334172e+02
2.606042619499653323e-01,1.367651735749714817e+03,1.313267530999329153e+02
2.618946006073448185e-01,1.430238843706100397e+03,1.320646413529138101e+02
2.634154981059240175e-01,1.468928148459571048e+03,1.329353644018858347e+02
2.634880597607105468e-01,1.323349512962544622e+03,1.329769330821336553e+02
2.653027705288344418e-01,1.279532974099412741e+03,1.340173230540425777e+02
2.699346697001530071e-01,1.481461987789898330e+03,1.366796963157523237e+02
2.711173284621672952e-01,1.215095728123375238e+03,1.373610532752054780e+02
2.727834678655773892e-01,1.236954650106147255e+03,1.383220385432892385e+02
2.811267007824815867e-01,1.165058569935456035e+03,1.431531748950121425e+02
2.816515453514594203e-01,1.373451506058776431e+03,1.434581383480839065e+02
2.861038412798526664e-01,1.216953680664321837e+03,1.460501508523621794e+02
2.861797326607471437e-01,1.364580244939443901e+03,1.460944100000665458e+02
2.886078981422184331e-01,1.297043404465900949e+03,1.475118541427213472e+02
2.901119176761077778e-01,1.291520224670188327e+03,1.483911482523614040e+02
2.913641597682019579e-01,1.890154157414519659e+03,1.491240151510719443e+02
2.938522027020071814e-01,1.454523518320146422e+03,1.505821962928839923e+02
2.952120940151929940e-01,1.383997829261193147e+03,1.513803564574392055e+02
3.062603356593165405e-01,1.580531780619865913e+03,1.578951175253205292e+02
3.149558012859123846e-01,1.677903679874825229e+03,1.630600351517537376e+02
3.234292324499057347e-01,1.666363529064040904e+03,1.681244652932407462e+02
3.238841651851256387e-01,1.327757768498003315e+03,1.683972410067918020e+02
3.324277540839410960e-01,1.639398335905497106e+03,1.735362814411410284e+02
3.345158790026496742e-01,1.714469240598562010e+03,1.747970023341507897e+02
3.354307516971981595e-01,1.457468202070358075e+03,1.753499417752399268e+02
3.361780080920517833e-01,1.761406316606598466e+03,1.758018366898317026e+02
3.362273063334229040e-01,1.827328480715649448e+03,1.758316574936589802e+02
3.369869499898143772e-01,1.642604967739172480e+03,1.762912994784906004e+02
3.370077542205034415e-01,1.694432125312392827e+03,1.763038910207316405e+02
3.412878021410596929e-01,2.028594369856592039e+03,1.788981980495681796e+02
3.419076369678588634e-01,2.083080134731247199e+03,1.792745389028071088e+02
3.424087953920940119e-01,1.926333246598082951e+03,1.795789408853495388e+02
3.437554136870477617e-01,1.540774694242508531e+03,1.803973903604282611e+02
3.459033137673346303e-01,2.132023229680431996e+03,1.817044036398482376e+02
3.510132225411621842e-01,1.906002986102554132e+03,1.848214992042267113e+02
3.536880692500476986e-01,1.919159698482825661e+03,1.864574748713689871e+02
3.545509350438875718e-01,2.053470660354240408e+03,1.869858432000358732e+02
3.632516669193337489e-01,2.015071335475908654e+03,1.923306587031847243e+02
3.665544201171839767e-01,1.815980784266961336e+03,1.943675770070093165e+02
3.742641169126590395e-01,1.808055793480432385e+03,1.991395062690292548e+02
3.782194115800194822e-01,1.747034997721711989e+03,2.015968758234176335e+02
3.865958309938331006e-01,1.880670062875791018e+03,2.068215227564559200e+02
3.909887620140912734e-01,1.804039888865759394e+03,2.095725869064161202e+02
4.041551517953168027e-01,2.213224105332287763e+03,2.178630447906499796e+02
4.166015371322315808e-01,2.638224308433408169e+03,2.257614367735594101e+02
4.175902625122664968e-01,2.184349729259905416e+03,2.263914003509277393e+02
4.217189186802321466e-01,2.467450291501878382e+03,2.290259479836470291e+02
4.220209891575696926e-01,2.684199858607003080e+03,2.292189548862241395e+02
4.236287810416199395e-01,2.132213468345586989e+03,2.302468245069791521e+02
4.257509227907640970e-01,2.652120753661102754e+03,2.316050040842767999e+02
4.259159498447655512e-01,2.584958319618147925e+03,2.317106927067543154e+02
4.341188731282721314e-01,2.072541127465011414e+03,2.369768931321918899e+02
4.365060464151326869e-01,2.641353716151878871e+03,2.385141231784972717e+02
4.365079421411115490e-01,2.299916998232104106e+03,2.385153447749065094e+02
4.415322820072915544e-01,2.231792462730024909e+03,2.417576504538737652e+02
4.489362492750941236e-01,2.345181949647740112e+03,2.465524160082229344e+02
4.507056361272319123e-01,2.028095057004826913e+03,2.477012128006487330e+02
4.558484808358778118e-01,2.232203778940178381e+03,2.510466962351372331e+02
4.571359764917106716e-01,2.760475169969031413e+03,2.518857193681721753e+02
4.598182725827486550e-01,2.209153615021980841e+03,2.536356037988450396e+02
4.704605514338675576e-01,2.448896031484790456e+03,2.606037342654241797e+02
4.749182250703984920e-01,2.870370331591618651e+03,2.635343504475189320e+02
4.753877843342930731e-01,2.548949565208780768e+03,2.638434603913921137e+02
4.801729551689819520e-01,2.676422820162648804e+03,2.669979316359163590e+02
4.806083084642918113e-01,3.056156605653331553e+03,2.672853213930865763e+02
4.824886340943677077e-01,2.589107988290024423e+03,2.685273389501066390e+02
4.870655995714061604e-01,2.531300431995075087e+03,2.715557084481080210e+02
4.871491370773639584e-01,2.700266223559378432e+03,2.716110488221852393e+02
4.911616983060800301e-01,2.940340371159778897e+03,2.742720512525776826e+02
4.934606148682429971e-01,3.039618735102634673e+03,2.757991156450984249e+02
5.004730127430070397e-01,2.595287383483685062e+03,2.804682992990706794e+02
5.021739049520463904e-01,2.474986238497109298e+03,2.816033568700134424e+02
5.077070001652983500e-01,2.990882550506401913e+03,2.853025361023882169e+02
5.101314643191401377e-01,2.856066942126828508e+03,2.869266763394809914e+02
5.118668281792420061e-01,3.058686395636217185e+03,2.880904025842509100e+02
5.230374000007946833e-01,3.116703968713756694e+03,2.956053794235834857e+02
5.317323181740158944e-01,2.674040105789368681e+03,3.014834174218216276e+02
5.354501182357780387e-01,3.064321967152446177e+03,3.040043199821404869e+02
5.440230579201883465e-01,3.102968216203532393e+03,3.098344070081435575e+02
5.446220393823313355e-01,3.050986198750164476e+03,3.102426349778418171e+02
5.498601311864754759e-01,3.407416608822980834e+03,3.138174917714786716e+02
5.514027726965455845e-01,3.163278966600556032e+03,3.148719756714376672e+02
5.534508235924424646e-01,3.246482588619776834e+03,3.162731073975674576e+02
5.559529102043732074e-01,3.260147416412843995e+03,3.179866673796297505e+02
5.580766788534088363e-01,3.011278893749064537e+03,3.194426921805757047e+02
5.588663341963158171e-01,2.992927527801640281e+03,3.199844321013146100e+02
5.661977558181348069e-01,3.337237441124747420e+03,3.250234983252320831e+02
5.683410331237130908e-01,3.168303000534911007e+03,3.264998088657376911e+02
5.722796025128338293e-01,3.450204711828175277e+03,3.292164685159150395e+02
5.760912287280044453e-01,3.259310069260402088e+03,3.318501544568962345e+02
5.800615184837467631e-01,2.926492532783403931e+03,3.345982443482709527e+02
5.808409050931619966e-01,3.636345516290241449e+03,3.351382772798303904e+02
5.895560489360136547e-01,2.991443617826812442e+03,3.411896238343512664e+02
5.947433216377793208e-01,3.421490108030226111e+03,3.448023730185389013e+02
5.958427597214717153e-01,3.290961975247128066e+03,3.455691375177692635e+02
5.969633204308704144e-01,3.363776709585750723e+03,3.463510083373598718e+02
5.976235210008631338e-01,2.779461573865670289e+03,3.468118400963026033e+02
5.985969263169781396e-01,3.746506281080038207e+03,3.474915335570370303e+02
5.988723442935444119e-01,3.751824172179724883e+03,3.476838995935873413e+02
5.989152277577471928e-01,3.284462869084271006e+03,3.477138536544474050e+02
5.998873188520899014e-01,3.140878865272260100e+03,3.483930065511387397e+02
6.027925523065422730e-01,3.569291159588505252e+03,3.504244409393813839e+02
6.081435419871197290e-01,3.346804269145554827e+03,3.541726261345914395e+02
6.097265245113101528e-01,3.548233507055635073e+03,3.552830839075685958e+02
6.109255972227922715e-01,2.819493102932357488e+03,3.561247245749577246e+02
6.133946308863664765e-01,3.697432576159125347e+03,3.578591028167707009e+02
6.151764634819074651e-01,4.098423196304927842e+03,3.591118731142479419e+02
6.176828739089577081e-01,3.648400730077878052e+03,3.608756614340555871e+02
6.218210557309065134e-01,3.619870697119158194e+03,3.637917785247997244e+02
6.275167814651583242e-01,3.557560878428833348e+03,3.678136494274947381e+02
6.284907080916506406e-01,3.557408624098457040e+03,3.685023032758658701e+02
6.298074475296850938e-01,3.178897447989146258e+03,3.694337935314481456e+02
6.365549049744669841e-01,4.429089867368602427e+03,3.742149447448726391e+02
6.394125971472770509e-01,3.722209708446381228e+03,3.762438078865138777e+02
6.488733625984368647e-01,3.927575063596230393e+03,3.829772410360346839e+02
6.547516802891071297e-01,3.463265936318596232e+03,3.871737288452110306e+02
6.650690213426162511e-01,3.710894404539498282e+03,3.945626075733175639e+02
6.692512165411819147e-01,3.734120351385447520e+03,3.975661576499272769e+02
6.724324490698165846e-01,3.508518936606281841e+03,3.998540721535478610e+02
6.740999192191359235e-01,3.904025789508615162e+03,4.010544132972920579e+02
6.754929381927055054e-01,3.740046829189539949e+03,4.020577731740420404e+02
6.817734480407311448e-01,4.110972392020029474e+03,4.065880644236821695e+02
6.875228790354139807e-01,4.039666033139776573e+03,4.107446720497728165e+02
6.917007647992243768e-01,4.036837097252288459e+03,4.137707143336791091e+02
6.918677687633165707e-01,4.243199605927185985e+03,4.138917728479427751e+02
6.995045073923527035e-01,4.850859569644083422e+03,4.194354976075795207e+02
7.011752871707905843e-01,3.547667874370735262e+03,4.206504370356178129e+02
7.024100248725382301e-01,4.093563015229407029e+03,4.215487764059346318e+02
7.075497232627876443e-01,4.835369650276489665e+03,4.252925243855361259e+02
7.091616850527293625e-01,3.895428067511363679e+03,4.264681104590731024e+02
7.107908296739731124e-01,4.786585300083916081e+03,4.276569220417859469e+02
7.126045063453636530e-01,4.035103761197367476e+03,4.289812088315989058e+02
7.144944305240938931e-01,4.622205931603027238e+03,4.303620855925695992e+02
7.178693762964101222e-01,3.609609352206894982e+03,4.328303165258615195e+02
7.251392637776754579e-01,4.512437937140319264e+03,4.381571276781501183e+02
7.278961210593106745e-01,4.418409056089114529e+03,4.401807124899929704e+02
7.285696541746164989e-01,4.167884763805138391e+03,4.406753958007976735e+02
7.294720277371293804e-01,4.399668681791269591e+03,4.413383360648983853e+02
7.301074083691909689e-01,3.999136717771283656e+03,4.418052520082476349e+02
7.303002553343205250e-01,4.348257326041794840e+03,4.419469880620997628e+02
7.311661832549771756e-01,4.584736010697324673e+03,4.425835336069389427e+02
7.312380699478575607e-01,4.724405401928526771e+03,4.426363863154309115e+02
7.368009374938031542e-01,4.436735043891186251e+03,4.467303384258641472e+02
7.402336856192566206e-01,4.062375647967743134e+03,4.492605782666174719e+02
7.425537558884398592e-01,3.543412931312446290e+03,4.509723686035065384e+02
7.438550369756566916e-01,4.002546360365329747e+03,4.519330736499925933e+02
7.457277313238961369e-01,3.887724223516884649e+03,4.533163897758591929e+02
7.482243925971181486e-01,4.539445380653782195e+03,4.551619896663290206e+02
7.544626829007705648e-01,5.612137281469877053e+03,4.597803376095789645e+02
7.556158976432680863e-01,4.230019744638925658e+03,4.606351536407736944e+02
7.657218022526370849e-01,5.359747654081551445e+03,4.681402371801743811e+02
7.673252394330720705e-01,4.996670645896862879e+03,4.693333376884385189e+02
7.676248984050906277e-01,4.075776520631332460e+03,4.695563808298745698e+02
7.690784914507706738e-01,5.309519462945846499e+03,4.706386367828607149e+02
7.769547856703031830e-01,5.440348836324993499e+03,4.765118283745111967e+02
7.786754319354129983e-01,4.762633417764729529e+03,4.777968901830046207e+02
7.878950731553440168e-01,5.781730305992008653e+03,4.846947600134337790e+02
7.911668570489456265e-01,4.900305599223777790e+03,4.871475293930120642e+02
7.976006155328894121e-01,5.189113447671705217e+03,4.919782026159087991e+02
8.021719641669853296e-01,3.960698986683775274e+03,4.954164927488472472e+02
8.035579026415555770e-01,4.740315633320430607e+03,4.964598871757852407e+02
8.057400941592363086e-01,4.952213154763840976e+03,4.981036528249091475e+02
8.058373481852152409e-01,5.180358793841996885e+03,4.981769368378402874e+02
8.079450818209930052e-01,4.495326083151471721e+03,4.997657273834784064e+02
8.108954549874041184e-01,5.352489181499518054e+03,5.019914417069396677e+02
8.115496636235122185e-01,5.369725456471702273e+03,5.024852421303598931e+02
8.118013729763309261e-01,4.681865581101638782e+03,5.026752604302628242e+02
8.129587273292089300e-01,5.175763877101918297e+03,5.035491509787284485e+02
8.140813795737302794e-01,4.278252477095419636e+03,5.043971373132939675e+02
8.173884882210906699e-01,5.551102527967295828e+03,5.068968401254447826e+02
8.181531221580806701e-01,5.250846353087035823e+03,5.074751560347679629e+02
8.274831290227235847e-01,5.435362150655457299e+03,5.145426088374213123e+02
8.275510388703544162e-01,5.700777915439858589e+03,5.145941238256226598e+02
8.390974177674341838e-01,4.497270426484217751e+03,5.233682842038339231e+02
8.440147649115201656e-01,5.267528177250263980e+03,5.271141962907113339e+02
8.441890813766796953e-01,5.172117728538594747e+03,5.272470863609436265e+02
8.458725342476842712e-01,5.027213214529183460e+03,5.285308178130994747e+02
8.462990154162737255e-01,5.624022504639704493e+03,5.288561358848201053e+02
8.516504146840897516e-01,4.921495951200047784e+03,5.329416285991636641e+02
8.581313975137119243e-01,6.086003192587251760e+03,5.378980559231570169e+02
8.623449941438272592e-01,5.171650768035229703e+03,5.411254671914713299e+02
8.641227303234402246e-01,6.218201468455160466e+03,5.424883037690482297e+02
8.643986801633294359e-01,5.938355090041786752e+03,5.426999131066118025e+02
8.649922470919708672e-01,6.125958311449197026e+03,5.431551407186051392e+02
8.693995990452350053e-01,6.151162890815334322e+03,5.465377180754862820e+02
8.704623523939913898e-01,5.183965529663220877e+03,5.473540029861684388e+02
8.764055958608092389e-01,6.274182528538442966e+03,5.519234659113811858e+02
8.781878081940044378e-01,5.176587713091741534e+03,5.532952185544447730e+02
8.812223243683476870e-01,5.826402204638639887e+03,5.556324427937597648e+02
8.832354983298498219e-01,5.728476099973282544e+03,5.571841148448369267e+02
8.948106581691006589e-01,5.394898049236439874e+03,5.661226822834959194e+02
8.952901304945073413e-01,5.492655680617500366e+03,5.664935584673727362e+02
8.981416376382413969e-01,6.304744776901606201e+03,5.687002354489598019e+02
9.001985908303899997e-01,5.845129812309896806e+03,5.702931081537600448e+02
9.006911309085618988e-01,5.750992437717440225e+03,5.706746566246858947e+02
9.046635658246506839e-01,6.152143148006555748e+03,5.737537969061148715e+02
9.122170747333866458e-01,5.855066680381492915e+03,5.796178870805191536e+02
9.133001152469766293e-01,5.465134049689535459e+03,5.804596747244432891e+02
9.147209610262354573e-01,5.225917550835275506e+03,5.815643912003757805e+02
9.150209476792492413e-01,5.398870802345126322e+03,5.817976865409707443e+02
9.222498264125553735e-01,6.048432861474303536e+03,5.874251408336804161e+02
9.267128005725375761e-01,5.564595327881241246e+03,5.909048274453737122e+02
9.314908795778034101e-01,5.417364428588610281e+03,5.946347388919053856e+02
9.405542934703567948e-01,6.374907813814388646e+03,6.017227384194196702e+02
9.474314640754606387e-01,5.826368653338263357e+03,6.071121242497312096e+02
9.509101664875270199e-01,6.085442664692116523e+03,6.098418871409509165e+02
9.512969690324810657e-01,5.726497786972813628e+03,6.101455640500497566e+02
9.520280258245938931e-01,6.724414924773056555e+03,6.107195953341964696e+02
9.533227995256929876e-01,5.861099412596085131e+03,6.117365241458388709e+02
9.590440955076953156e-01,5.982391493997125508e+03,6.162341003638790653e+02
9.645319279732813555e-01,5.159798825606883838e+03,6.205542672464536054e+02
9.655336856605258866e-01,6.885104017025862959e+03,6.213435213183236101e+02
9.692659130230183440e-01,6.036920663303482797e+03,6.242857722779872347e+02
9.696269704810525081e-01,6.910211200958196969e+03,6.245705526480061280e+02
9.700340466509920212e-01,5.546485279547428945e+03,6.248916605639033151e+02
9.708193893313590284e-01,6.267712555772353880e+03,6.255112429624138031e+02
9.722730967881967334e-01,5.083925388756099892e+03,6.266584397957217334e+02
9.788538337250793919e-01,6.060803261247004230e+03,6.318568220903374595e+02
9.873749710138619573e-01,6.539180031032629813e+03,6.386005320003612269e+02
9.877523257205202967e-01,6.318766442928716970e+03,6.388994993296998928e+02
9.951081086552397981e-01,7.355424701011330399e+03,6.447327535086750459e+02
9.977749282187546864e-01,6.217795985629541065e+03,6.468501491325031338e+02
9.984647474280543555e-01,6.698317769115226838e+03,6.473980716671317168e+02
1.001328235748953688e+00,6.669083641312098734e+03,6.496735075568478806e+02
1.002270979167360077e+00,6.788947546450088339e+03,6.504229888605353835e+02
1.002938193464115058e+00,5.637606071018034527e+03,6.509535265940098725e+02
1.004170411582052225e+00,6.168917533440279840e+03,6.519335514395197606e+02
1.016467719439834605e+00,4.960601150980781313e+03,6.617297495289977860e+02
1.018652803185844391e+00,6.606827599980346349e+03,6.634733924731036723e+02
1.024677854437985758e+00,6.583378397378998670e+03,6.682858549501154357e+02
1.024851992480155793e+00,5.823955553593049444e+03,6.684250468872052124e+02
1.027769081649046790e+00,6.170383593299361564e+03,6.707575704610824232e+02
1.028047095677040446e+00,5.889724832291698476e+03,6.709799546772674148e+02
1.028252327461151028e+00,6.131663673876963003e+03,6.711441293557818426e+02
1.028588272037692430e+00,6.442806149813412048e+03,6.714128842593509034e+02
1.029162823375965763e+00,5.791835055355090844e+03,6.718725724628457101e+02
1.032378664610413388e+00,5.199052201216096364e+03,6.744466361203303677e+02
1.047122380267932140e+00,6.614350318114571564e+03,6.862723115153457911e+02
1.047425956445011019e+00,6.379907731174389482e+03,6.865162217453212179e+02
1.048945823070900785e+00,7.869213562149057907e+03,6.877376200094007572e+02
1.049294873131438433e+00,6.538954770614182053e+03,6.880181835124160443e+02
1.052064402352367090e+00,6.466372695584960638e+03,6.902450903157416633e+02
1.063491477120918960e+00,7.897795347881825364e+03,6.994479321576960729e+02
1.071379629124729504e+00,6.863305408080517736e+03,7.058143248613118885e+02
1.077651351157422610e+00,7.101504832407174945e+03,7.108840060780310068e+02
1.080356815450835173e+00,7.513655942175127166e+03,7.130730835149865925e+02
1.082269434169560451e+00,7.430665580557159956e+03,7.146214210693036648e+02
1.086804746515189102e+00,6.797080983398607714e+03,7.182954928076457009e+02
1.100150558617374319e+00,6.765743965538413249e+03,7.291277683717989930e+02
1.100599540283439426e+00,7.247691174405339552e+03,7.294927256177952586e+02
1.102461543344574135e+00,7.746310688807040606e+03,7.310066358907697577e+02
1.104491338987590776e+00,7.560361052019072304e+03,7.326576503185127649e+02
1.104815966859149734e+00,6.113600288245977026e+03,7.329217648802616623e+02
1.107856411304134925e+00,6.800051824291358571e+03,7.353963229124132113e+02
1.112608509076099761e+00,6.070503189534190824e+03,7.392671295816207930e+02
1.113418707569126864e+00,7.249822607655716638e+03,7.399274586984755615e+02
1.115025267066787285e+00,7.202234403572496376e+03,7.412371695162735250e+02
1.117981472865926529e+00,5.867194207518570693e+03,7.436482945035095327e+02
1.120026577921658051e+00,8.117183148083166998e+03,7.453171794232544016e+02
1.120725270583064814e+00,8.048902388473005885e+03,7.458875019169217921e+02
1.121872843888659821e+00,7.425347521687865992e+03,7.468244116881339778e+02
1.139173215265463446e+00,7.411912841069313799e+03,7.609757101479846142e+02
1.145685843477951771e+00,7.470243474628821787e+03,7.663158112014846211e+02
1.152917303979791530e+00,7.335758742990400606e+03,7.722535277628028325e+02
1.153244603404024238e+00,8.322989972252476946e+03,7.725224749367990853e+02
1.156871451228173697e+00,7.687600199665715991e+03,7.755038877534562971e+02
1.168710626045460943e+00,7.918459250186696408e+03,7.852510734553879956e+02
1.168857023514014548e+00,7.705274537677192711e+03,7.853717446264090540e+02
1.169013267263625089e+00,7.262576651335237329e+03,7.855005356183313552e+02
1.170128893927005587e+00,7.622121604595454301e+03,7.864202559792884131e+02
1.173679121933802749e+00,8.062310286216008535e+03,7.893483916783951599e+02
1.178221826031330410e+00,8.985878287622896096e+03,7.930980500420300814e+02
1.178466992762159160e+00,7.380762854686397986e+03,7.933005106993335858e+02
1.190818050664832706e+00,6.951335976531679989e+03,8.035125164560595294e+02
1.192241136807896673e+00,9.273888094940479277e+03,8.046906973946209973e+02
1.196718214923298884e+00,8.096433213935042659e+03,8.083993802193440388e+02
1.198698141846641807e+00,8.587617025163361177e+03,8.100405013748018064e+02
1.207135586294395990e+00,7.861757833929555090e+03,8.170410164459840416e+02
1.216866449376403425e+00,8.105326857396226842e+03,8.251284470428223585e+02
1.219174279067945621e+00,8.141968339990543427e+03,8.270486610732195913e+02
1.223169221449399435e+00,9.467805103455544668e+03,8.303745653009468697e+02
1.225980252180213670e+00,7.125606547815081285e+03,8.327162987172640669e+02
1.226673411411586034e+00,7.329318404807005209e+03,8.332939222252991840e+02
1.229403055590860383e+00,7.661724192868216960e+03,8.355693042467223677e+02
1.231867554366478101e+00,7.518950771086952045e+03,8.376246433365679422e+02
1.233129988631967988e+00,8.849062298838376591e+03,8.386778449947134959e+02
1.234683959976295542e+00,8.755783566103262274e+03,8.399745981398390313e+02
1.244959681858382350e+00,8.696764587880656109e+03,8.485586632571707923e+02
1.251401008102990264e+00,6.641668167664826797e+03,8.539476923899310350e+02
1.254004427191361959e+00,8.276698826202387863e+03,8.561275645257685483e+02
1.255885783752526130e+00,7.519298450857269927e+03,8.577034757951840902e+02
1.256242530054742623e+00,7.582346483954359428e+03,8.580023625492833617e+02
1.256491865635819272e+00,8.992598486471304568e+03,8.582112704483057541e+02
1.258225156495770491e+00,7.774267040666156390e+03,8.596637786131540224e+02
1.258438382098801211e+00,1.012940098625179962e+04,8.598424938425392838e+02
1.262859264458555453e+00,7.429415627658163430e+03,8.635493822681697793e+02
1.264873476742371494e+00,7.485079482178101898e+03,8.652392504977420913e+02
1.268640473643802169e+00,9.154869897571512411e+03,8.684012661444854757e+02
1.273199025555351138e+00,1.030555073524607724e+04,8.722305094775828138e+02
1.276593014710113883e+00,9.312886308730830933e+03,8.750834869161981260e+02
1.282873774538308531e+00,9.832588622950192075e+03,8.803675189685068290e+02
1.285306586062290757e+00,8.295639030089801963e+03,8.824157991262745782e+02
1.285434882803281553e+00,7.892645145590219727e+03,8.825238411027800112e+02
1.287087238026584979e+00,8.852990935484182046e+03,8.839155453923151526e+02
1.289204160567011703e+00,9.320347306487419701e+03,8.856991123150803560e+02
1.291001773446033951e+00,8.394217364990567148e+03,8.872141612138739220e+02
1.291964272501725963e+00,1.065974508470704677e+04,8.880255585625690173e+02
1.295311134879461257e+00,8.323398931868458021e+03,8.908480412218596030e+02
1.295746955211837248e+00,7.266324696376792417e+03,8.912156968796060710e+02
1.297468771463462733e+00,9.741052612472491091e+03,8.926684789404027924e+02
1.297763988031751303e+00,9.296102472845577722e+03,8.929176106565379314e+02
1.305114179986931022e+00,9.200964551541885157e+03,8.991244278072256293e+02
1.306843867126850078e+00,9.527931837156635083e+03,9.005861726216908210e+02
1.311478468349157378e+00,9.635758448351201878e+03,9.045049375884424308e+02
1.315725520243401725e+00,8.389621617432498169e+03,9.080986899343175764e+02
1.317705761079654092e+00,9.961307303287256218e+03,9.097751944086780895e+02
1.319615588444370546e+00,1.048446046489309992e+04,9.113926102115487993e+02
1.321795267882651004e+00,9.128903717400376991e+03,9.132391895719276818e+02
1.327523728338620757e+00,9.217151065643827678e+03,9.180954066389660966e+02
1.328453005019170075e+00,9.780963420503503585e+03,9.188836208204641025e+02
1.329523892554885123e+00,8.377375464740563984e+03,9.197920994097435141e+02
1.329896514312288947e+00,8.546958274646856808e+03,9.201082475948868478e+02
1.331522574395102243e+00,8.993287310410758437e+03,9.214880932624869274e+02
1.336699361479601222e+00,9.395123967395551517e+03,9.258834771106621702e+02
1.337514632665699477e+00,7.709678032174207146e+03,9.265760279955204624e+02
1.338809113820938368e+00,9.999691664100253547e+03,9.276758443511040468e+02
1.339108904024180147e+00,9.453227258452830938e+03,9.279305850813867664e+02
1.339431833163459373e+00,9.234669920294976691e+03,9.282050015980053104e+02
1.340131631369551490e+00,9.241510380142883150e+03,9.287997209219007573e+02
1.348735417277787008e+00,9.424137309434561757e+03,9.361171278043275379e+02
1.348978073291591251e+00,9.776144418712639890e+03,9.363236514775976502e+02
1.355609132031187158e+00,8.621749928299923340e+03,9.419704491334267686e+02
1.355782491690173952e+00,9.543168066431866464e+03,9.421181574445649858e+02
1.356174212993465744e+00,7.746978202578244236e+03,9.424519324102498103e+02
1.357202657353145492e+00,8.368695746683908510e+03,9.433283413625813409e+02
1.360653914398223030e+00,1.159993570223602183e+04,9.462704519687040374e+02
1.369969810919336561e+00,8.568736294346885188e+03,9.542201022204507126e+02
1.370007505766218880e+00,7.516803232094121086e+03,9.542522927030264555e+02
1.376109513692580277e+00,9.249705693455847722e+03,9.594657842982184093e+02
1.381318503667215314e+00,9.440688606384546802e+03,9.639202494239539192e+02
1.382445118931120209e+00,1.048876363224029410e+04,9.648841518101943393e+02
1.383637548942375339e+00,9.367519623654188763e+03,9.659045483274875323e+02
1.390079768553858841e+00,1.032592280079454940e+04,9.714206184296567699e+02
1.390988532365615038e+00,9.270490982216866541e+03,9.721991802992511111e+02
1.393078158873699346e+00,9.360439102792899575e+03,9.739898338429816249e+02
1.394561547375005706e+00,1.063486099426913097e+04,9.752613378535951369e+02
1.396511278921256149e+00,9.367698976688096081e+03,9.769330160205778384e+02
1.399275832223695559e+00,1.185753690212113361e+04,9.793041737828355053e+02
1.403530348849510334e+00,1.100649366241207645e+04,9.829552400558504814e+02
1.407165991501681646e+00,9.733579763885711145e+03,9.860770956400704108e+02
1.412023951889493034e+00,9.234803690611168349e+03,9.902512316853146785e+02
1.412643065791370889e+00,1.065704405834014869e+04,9.907834181764324057e+02
1.416021408985838503e+00,1.113717349053170619e+04,9.936883005020590645e+02
1.426980119341319186e+00,9.979498762840601557e+03,1.003121381506583930e+03
1.427227734325811515e+00,1.063960883256857778e+04,1.003334703718626997e+03
1.428349504825728644e+00,1.105175482524295330e+04,1.004301216512152337e+03
1.431563493929719488e+00,9.810898397480685162e+03,1.007071272085264013e+03
1.431848110973538368e+00,9.890491681865898499e+03,1.007316640227022276e+03
1.446603146119905592e+00,1.155744914843104743e+04,1.020051124329777849e+03
1.449363210588403117e+00,1.017312859563555321e+04,1.022436300323393198e+03
1.451135421488577659e+00,1.049890363236375197e+04,1.023968307042959736e+03
1.453500248655003269e+00,1.106640208947097199e+04,1.026013224995782139e+03
1.455000434778568996e+00,9.296735002276456726e+03,1.027310834423073402e+03
1.459342428339614139e+00,1.174398764825361104e+04,1.031068105371489082e+03
1.461487236159077385e+00,8.847199394817085704e+03,1.032924952038961919e+03
1.466359901886852946e+00,1.033297990733108236e+04,1.037145555329316494e+03
1.473319429444381434e+00,9.536518123610156181e+03,1.043178889973463583e+03
1.474835000185100053e+00,1.230168482632116502e+04,1.044493562455566462e+03
1.476148433284249606e+00,7.985158354136070557e+03,1.045633122144016852e+03
1.477139870103997943e+00,1.026627793077108981e+04,1.046493453161333719e+03
1.477494798678085530e+00,1.108361427387694130e+04,1.046801476187584058e+03
1.482677104392191136e+00,1.067286269300089043e+04,1.051300686939722709e+03
1.485780600242048388e+00,8.933795609224269356e+03,1.053996686271241288e+03
1.489060403700126267e+00,1.078080227494859355e+04,1.056847129608452860e+03
1.492257669467556669e+00,9.794569203981995088e+03,1.059627109148518002e+03
1.500246389363393495e+00,1.061840308535820441e+04,1.066578648054844734e+03
1.501770421023342683e+00,1.102281230640335889e+04,1.067905695611750843e+03
1.507086946068714184e+00,1.091172022837348050e+04,1.072537253174554053e+03
1.510203194074436039e+00,1.055590069719867824e+04,1.075253600097638582e+03
1.518034536184241334e+00,1.072995700930365092e+04,1.082085123784768939e+03
1.519072339801740723e+00,1.412873187438515743e+04,1.082990984470255626e+03
1.519291292211002009e+00,9.323227002643978267e+03,1.083182116462815429e+03
1.521618363138228736e+00,1.075644128171412922e+04,1.085213860634560206e+03
1.527866247223996998e+00,1.106488332569735030e+04,1.090672027275693381e+03
1.529767487599027476e+00,1.021254113443725328e+04,1.092333877402389362e+03
1.531071630248948878e+00,9.171723024482869732e+03,1.093474060113158430e+03
1.533856557525432152e+00,1.025541237370975432e+04,1.095909534594582283e+03
1.535634348387691528e+00,1.139020786130720262e+04,1.097464728217260927e+03
1.535919114790949669e+00,9.846411001180938911e+03,1.097713873727194596e+03
1.536888397179741794e+00,1.160887649528208021e+04,1.098561982194810753e+03
1.543831760671653841e+00,9.249903178659855257e+03,1.104640565590540746e+03
1.549162082040157262e+00,1.050966771010050979e+04,1.109310850228253685e+03
1.550045240581485073e+00,1.063214728934325649e+04,1.110084971286425798e+03
1.551541266490911841e+00,1.107420272256687167e+04,1.111396501160180151e+03
1.553476343429440965e+00,1.051100138987322862e+04,1.113093323965396166e+03
1.556014052615333654e+00,1.075418411942844978e+04,1.115319242017453462e+03
1.558810038286674304e+00,1.209124360491048901e+04,1.117772571249676957e+03
1.559078034348639674e+00,1.056271260352674108e+04,1.118007771281053920e+03
1.559155956659975306e+00,1.274653819306592050e+04,1.118076159410185937e+03
1.559741113302462123e+00,8.991425438346190276e+03,1.118589741740215231e+03
1.562699565729966711e+00,9.852952917135367898e+03,1.121186934320197679e+03
1.563340609607081433e+00,1.041417767307898612e+04,1.121749833243779676e+03
1.564471914340133551e+00,1.229551037526273649e+04,1.122743344885615670e+03
1.566106435520341345e+00,1.332151800906372409e+04,1.124179042372188633e+03
1.571437100475262527e+00,1.025191322841115289e+04,1.128863424639258938e+03
1.579731678275290596e+00,1.060799294536890011e+04,1.136158871239108294e+03
1.587377363293694055e+00,1.121548691080817480e+04,1.142890551892681060e+03
1.587943415342076614e+00,1.086226317426966307e+04,1.143389199680664888e+03
1.588723036973716196e+00,1.040262083043110215e+04,1.144076045209211770e+03
1.592184720841494316e+00,1.291641297768198820e+04,1.147126616261825120e+03
1.595829540579935646e+00,1.034612534339318518e+04,1.150340039733559252e+03
1.604352228072715825e+00,1.165549736432224199e+04,1.157859838843118041e+03
1.606410519836855455e+00,1.243520426361230602e+04,1.159677149139185303e+03
1.608010440741770353e+00,1.114368795512862562e+04,1.161090081695897652e+03
1.611898127259841607e+00,1.212188575305146151e+04,1.164524593335094323e+03
1.613212478406362171e+00,1.351958455608004806e+04,1.165686116456242189e+03
1.615415310727461806e+00,1.303466647473175362e+04,1.167633242958285791e+03
1.620142683089750291e+00,1.341051494152433952e+04,1.171813681036608841e+03
1.621346815228630112e+00,8.485694810860637517e+03,1.172878897140890331e+03
1.623876657955496849e+00,1.030445180607159637e+04,1.175117404783195980e+03
1.624336818231672197e+00,1.361290568542722758e+04,1.175524649393565142e+03
1.625544712511242773e+00,1.003273963466906025e+04,1.176593754416960792e+03
1.628058667814320737e+00,1.227216854724744189e+04,1.178819368117496879e+03
1.633595929109260325e+00,1.164657006568682846e+04,1.183723980691497445e+03
1.636428957358721625e+00,1.107905487582222486e+04,1.186234629408581213e+03
1.637945951048670468e+00,1.228940447443646917e+04,1.187579361006811723e+03
1.642588763619702519e+00,1.150688924875474731e+04,1.191696522949497648e+03
1.646509395549246468e+00,1.446166278239199528e+04,1.195175099282277642e+03
1.649731068458299976e+00,1.264614560704219730e+04,1.198034776348531977e+03
1.657466798758418403e+00,1.133791184810095365e+04,1.204905892222313923e+03
1.660470162521929582e+00,1.151821963392069483e+04,1.207575314998907515e+03
1.660900090337726231e+00,1.012105154347459938e+04,1.207957519073629783e+03
1.661518847572981628e+00,1.267336166021552708e+04,1.208507626645855908e+03
1.677025539125874154e+00,1.091200669466016188e+04,1.222307288107759405e+03
1.679006102866753114e+00,1.268429200797496014e+04,1.224071672675627042e+03
1.688797945909723985e+00,1.129155482770023264e+04,1.232800843929573603e+03
1.689746650459049926e+00,1.092275553933449737e+04,1.233647127704593231e+03
1.690012171743372260e+00,9.742808192513739414e+03,1.233884000689579125e+03
1.690138659211105177e+00,1.379668588261776495e+04,1.233996843461963863e+03
1.694172359608010048e+00,1.306641093578530126e+04,1.237596296296211221e+03
1.694645437239420627e+00,1.301728934767599821e+04,1.238018556922470680e+03
1.698072149148044829e+00,1.277954613463167152e+04,1.241077880035186809e+03
1.705504865379175117e+00,1.392457910812698174e+04,1.247717935969427344e+03
1.712163699060623712e+00,1.186708520368296740e+04,1.253671531407390830e+03
1.714925290354686771e+00,1.416352657336575794e+04,1.256141992894742089e+03
1.718061307075436916e+00,1.035378597872573118e+04,1.258948364993980931e+03
1.718862310107746483e+00,1.313933542654685152e+04,1.259665333030927968e+03
1.719576885479230599e+00,1.456225871869420371e+04,1.260304996642242259e+03
1.720812842610261573e+00,1.326192435933278830e+04,1.261411507898928903e+03
1.725206648698319301e+00,1.113230143444317218e+04,1.265346410650035068e+03
1.727390142605837342e+00,1.258126163243373048e+04,1.267302591990600831e+03
1.729528054756642730e+00,1.134442892256353298e+04,1.269218411045410676e+03
1.730522857921495072e+00,1.301511831190664634e+04,1.270110030655883520e+03
1.733921305819133174e+00,1.148198550420028732e+04,1.273156746946099474e+03
1.740255275378066679e+00,1.216119285922272502e+04,1.278838312476943884e+03
1.741388716780627233e+00,1.298616474044111783e+04,1.279855439539902363e+03
1.744463717305159589e+00,1.235581981778158843e+04,1.282615539380565224e+03
1.746838546980598483e+00,1.178690919924241825e+04,1.284747827089989869e+03
1.751604914491628584e+00,1.354323391474158416e+04,1.289029126805168517e+03
1.756970122378089139e+00,1.278151771030799136e+04,1.293851066582936255e+03
1.757022536898422693e+00,1.206129206697454356e+04,1.293898188030029814e+03
1.757666101313901441e+00,1.267717486472500968e+04,1.294476784697950052e+03
1.759596105229516816e+00,1.338009015622467814e+04,1.296212204516043130e+03
1.759913524568648580e+00,1.195174546017531429e+04,1.296497657274470612e+03
1.759961559315810664e+00,1.415194760544584460e+04,1.296540855432288254e+03
1.762576243541721599e+00,1.243771474068190400e+04,1.298892617847393012e+03
1.763259226017150016e+00,1.270282830286290482e+04,1.299507035296960339e+03
1.774956311772508455e+00,1.031785895154679383e+04,1.310037075236561350e+03
1.776283216948892685e+00,1.468155116384877147e+04,1.311232452290058063e+03
1.779138585312111998e+00,1.557771794753498943e+04,1.313805377535862817e+03
1.784855850453988424e+00,1.213374331238466038e+04,1.318959536378941266e+03
1.786805891585756090e+00,1.203564064141158633e+04,1.320718251794009348e+03
1.788518376251291064e+00,1.367612287451629163e+04,1.322263027300123895e+03
1.788938633922861010e+00,1.319878405619328623e+04,1.322642171898610059e+03
1.794094822874661377e+00,1.280021713223782172e+04,1.327295352914039768e+03
1.794251174745852273e+00,1.330949390540171407e+04,1.327436492768492826e+03
1.809943586758311573e+00,1.413898647475177313e+04,1.341614284192149171e+03
1.816123139881898441e+00,1.197262642088655411e+04,1.347203960849353507e+03
1.820341023744123765e+00,1.370452502572995036e+04,1.351021340929447206e+03
1.828165426160652807e+00,1.185904001444968708e+04,1.358107322002097590e+03
1.831896856319778166e+00,1.281486202150382996e+04,1.361488669615646586e+03
1.841346771392184722e+00,1.179683159210188387e+04,1.370057940495689309e+03
1.842102271758268905e+00,1.359814648789173589e+04,1.370743402184689330e+03
1.865280563448341145e+00,1.504434106073967996e+04,1.391799157282891201e+03
1.869149064842121177e+00,1.478807180545800111e+04,1.395318316236216106e+03
1.870081664049138004e+00,1.405246300876881651e+04,1.396166906655791763e+03
1.871096849191950628e+00,1.372763361695867388e+04,1.397090735813511174e+03
1.881522908314184450e+00,1.306536135852559346e+04,1.406584104391562505e+03
1.883881127849716952e+00,1.239547505657258989e+04,1.408732760461252838e+03
1.890976817151580169e+00,1.438491659715631431e+04,1.415200986164673623e+03
1.893414749192527280e+00,1.536760873543082198e+04,1.417424404533277993e+03
1.897590795301454802e+00,1.410941153398913593e+04,1.421234267899452789e+03
1.901720198058302502e+00,1.569341782876471734e+04,1.425003148288898728e+03
1.904640014084608257e+00,1.166653974239178206e+04,1.427668986512059746e+03
1.905592293795048242e+00,1.450987019936499200e+04,1.428538601094986916e+03
1.906030405330591204e+00,1.355787852546166687e+04,1.428938708965976048e+03
1.914656819035744695e+00,1.682038068521825699e+04,1.436820385508582831e+03
1.917296257840595208e+00,1.434435364180370016e+04,1.439233304222356992e+03
1.924991879002764916e+00,1.675773964678498669e+04,1.446272069295056099e+03
1.927713482496998809e+00,1.509008930526114091e+04,1.448762648571248747e+03
1.927895208795701310e+00,1.416082984166392089e+04,1.448928972682952917e+03
1.932410861589443529e+00,1.384317134092574815e+04,1.453062853696141929e+03
1.936066254679200460e+00,1.522511345442236052e+04,1.456410542673038208e+03
1.936835852958611381e+00,1.358565819668081349e+04,1.457115509858754194e+03
1.954004005467190774e+00,1.295479620272486500e+04,1.472855580717100793e+03
1.954728523093798298e+00,1.179838189169599354e+04,1.473520406159519780e+03
1.960892525419748234e+00,1.642568606901186286e+04,1.479178436115949808e+03
1.966563207182221440e+00,1.209632423033871964e+04,1.484386591995984645e+03
1.967441935640344530e+00,1.382174429120606692e+04,1.485193899979051821e+03
1.967999076620835952e+00,1.517618813638056599e+04,1.485705793219579391e+03
1.968420886688180493e+00,1.390124157209834630e+04,1.486093364417583643e+03
1.970015460570017973e+00,1.273659515291242496e+04,1.487558645403208857e+03
1.970722992631706028e+00,1.496876222035716091e+04,1.488208879867032238e+03
1.971219700363911143e+00,1.469487389941696165e+04,1.488665389198574303e+03
1.972733971893356086e+00,1.364985682747863211e+04,1.490057244266519319e+03
1.984036088020222355e+00,1.459257270281467936e+04,1.500451988650939938e+03
1.984645886770781464e+00,1.365695944650024830e+04,1.501013146357188589e+03
1.987706904747985392e+00,1.548893028129913364e+04,1.503830486750240652e+03
1.989020696681107037e+00,1.593954897274199720e+04,1.505039940752255688e+03
1.989312998413319766e+00,1.354471300660568704e+04,1.505309048939393733e+03
1.989761320991405347e+00,1.477142321665162490e+04,1.505721812386329930e+03
1.991918291812976749e+00,1.720966139514840324e+04,1.507707943724494044e+03
1.992056135298877706e+00,1.229548453060146130e+04,1.507834883188056665e+03
1.994537804724457297e+00,1.214348128735506725e+04,1.510120522045792768e+03
1.995234261515884677e+00,1.551249413363698477e+04,1.510762060117829606e+03
1.995304974548325117e+00,1.463110677749002571e+04,1.510827199448998954e+03
1.997821905453436298e+00,1.542038288138243661e+04,1.513146022588973437e+03
