1.308712542672951784e-03,5.643670986653923194e+00,5.614454115852378635e-01
3.533516171477568690e-03,1.562782211971295077e+01,1.518505946237834969e+00
4.667408373098425045e-03,2.084163676177157498e+01,2.007541579790207198e+00
6.344331439365191727e-03,2.847259829230549144e+01,2.732338164875488751e+00
8.152363652333294297e-03,3.208474029651770820e+01,3.515881144997262009e+00
8.569030099136343281e-03,4.125334515315313411e+01,3.696756350191303664e+00
1.562583241961501557e-02,6.413026384680176761e+01,6.777436154989398887e+00
1.661494627783088873e-02,6.706685922441698722e+01,7.211843637156940545e+00
1.731318428920003427e-02,7.045687420216455621e+01,7.518886258325681027e+00
2.098072602418565857e-02,9.442685087483674522e+01,9.136863271349122684e+00
2.270558367788821919e-02,9.533564335353781871e+01,9.900826339179802815e+00
2.479048654556170739e-02,1.060918483598363053e+02,1.082683286881466245e+01
2.509214216874178227e-02,8.022257832808085709e+01,1.096104576520126983e+01
2.563361382374673703e-02,1.182645255877949069e+02,1.120210542684923993e+01
2.584615945432133799e-02,1.194435355659062878e+02,1.129678115368236213e+01
2.763349239484025333e-02,1.260133972447386128e+02,1.209407982509524615e+01
2.824673784661158038e-02,1.212380578908776414e+02,1.236811301646741157e+01
3.448696222627334329e-02,1.688018772062929713e+02,1.517035522997975150e+01
3.689141162085118886e-02,1.596420981850939995e+02,1.625676156129581429e+01
3.843558911501365749e-02,1.400073451199183978e+02,1.695641672313528758e+01
4.126672432671329993e-02,1.823478213740559681e+02,1.824312814723047182e+01
4.169024349053662704e-02,1.957710107971593914e+02,1.843604996359653114e+01
4.531988274772746905e-02,2.022515547271385117e+02,2.009409217847995066e+01
4.626206344862326958e-02,2.460852187631229810e+02,2.052584992298226041e+01
4.682169322458906713e-02,2.083094424429794458e+02,2.078256787484016144e+01
4.728191788265845297e-02,2.298855876912145959e+02,2.099383409768411468e+01
4.853572240200354493e-02,2.359813915345294220e+02,2.157007131155099344e+01
4.924834225881036254e-02,2.444135785651724575e+02,2.189802664855198344e+01
4.926556166399276293e-02,2.379914290647420785e+02,2.190595516275351429e+01
5.243869119356969755e-02,2.394490100176438432e+02,2.337017701071712139e+01
5.269144362926825309e-02,3.010490086929282256e+02,2.348708012398298095e+01
5.302524199138036742e-02,2.724975329520176501e+02,2.364153003360689809e+01
5.636928343007707731e-02,2.457862442028890086e+02,2.519268447190223625e+01
5.812530906105495276e-02,2.365568035705641421e+02,2.601002749506186262e+01
5.953341329754091582e-02,2.372487331076823978e+02,2.666681974085322793e+01
6.280760862745804474e-02,2.932613039124572651e+02,2.819879580274052344e+01
6.505725960039709932e-02,2.700342992025769036e+02,2.925524983868325180e+01
6.811948243941201575e-02,3.081364574657425806e+02,3.069832540432989987e+01
6.819401252953416481e-02,3.934427863073755702e+02,3.073351994995771008e+01
6.821286120503344819e-02,3.777584517123783598e+02,3.074242120063931338e+01
7.181703001288530785e-02,3.569568537653005365e+02,3.244850353056391867e+01
7.421636953297561234e-02,3.478926628539078365e+02,3.358868868385715700e+01
7.480392736817487176e-02,3.275231180458465587e+02,3.386843863392024190e+01
7.732673887190522066e-02,3.394087012212382888e+02,3.507200756395794627e+01
7.798875334385191316e-02,4.020129822275573588e+02,3.538848162856014312e+01
8.268763872573647866e-02,3.928721970507589845e+02,3.764243980235445264e+01
8.509365028806059605e-02,3.436705650736825532e+02,3.880174348269682127e+01
8.530619223381763483e-02,4.139941485846777596e+02,3.890432240125173990e+01
8.789895358059940378e-02,3.622737577056297482e+02,4.015786207372166672e+01
8.800419742549947522e-02,4.336040670227265537e+02,4.020883072114932588e+01
8.841825168078476516e-02,4.167008006684583279e+02,4.040941829305410238e+01
8.943221700652492778e-02,3.833103116210847361e+02,4.090106757422293526e+01
9.221443272197138441e-02,4.592045156658319911e+02,4.225327931652583402e+01
9.334070528871962757e-02,4.471424368141828722e+02,4.280199171085003229e+01
9.397821863198219106e-02,4.012436896715795456e+02,4.311292093748549092e+01
9.454364001570247922e-02,3.733577299997519958e+02,4.338889302131499193e+01
9.623231597346904032e-02,4.614011732673346273e+02,4.421424425274934578e+01
9.739009633312334380e-02,3.959183087575570426e+02,4.478110139015324620e+01
1.007472685506203280e-01,4.366334167294878625e+02,4.642931329782767591e+01
1.022427064408890640e-01,4.264743295930300633e+02,4.716566005330344780e+01
1.048353760597393602e-01,4.960197589909413409e+02,4.844542146205325395e+01
1.065329909197001435e-01,4.650519271358465971e+02,4.928553185501309031e+01
1.068050346732087874e-01,5.111561153004466860e+02,4.942031828036073193e+01
1.081501809294580507e-01,4.111664552563074722e+02,5.008742425820113908e+01
1.084715904831909938e-01,5.634155757286105199e+02,5.024698059323478816e+01
1.113764392449294593e-01,6.047334515397451469e+02,5.169178300238073120e+01
1.201694656613296885e-01,5.912542858812673785e+02,5.609534930597936864e+01
1.243584038153944249e-01,5.626960706750473946e+02,5.820900784041702991e+01
1.250379927005671465e-01,6.079571869821793371e+02,5.855287347601127124e+01
1.261372850012882907e-01,6.301387453469483262e+02,5.910967003619581561e+01
1.301057694446292601e-01,5.963512938074613885e+02,6.112552237931608090e+01
1.327820987926542351e-01,6.299640842539865844e+02,6.249011535288559571e+01
1.366893864640448264e-01,7.070084279929285458e+02,6.448970512762363683e+01
1.443966052279497259e-01,6.579336628869524475e+02,6.845942066509041979e+01
1.445177585846331159e-01,5.667343674502562862e+02,6.852209116483773244e+01
1.449290994800016552e-01,7.594646956246671152e+02,6.873493242653202628e+01
1.474134907377877557e-01,6.858060134960065852e+02,7.002246705111771519e+01
1.496553945949343767e-01,6.338405509990320752e+02,7.118731532829056619e+01
1.502960438239517860e-01,6.223173728786089214e+02,7.152070255237042318e+01
1.535661571832966921e-01,8.171120021478677700e+02,7.322601929919566999e+01
1.551205653140956819e-01,6.109952751758961540e+02,7.403871755154067102e+01
1.556767347961303116e-01,9.423266777815964588e+02,7.432982969548422147e+01
1.568478104821564578e-01,8.618457751810973377e+02,7.494336182669398738e+01
1.653386965933472119e-01,7.586678447126081437e+02,7.941454694995570662e+01
1.694735449275746042e-01,8.781267923801061670e+02,8.160631247693939372e+01
1.727222184392203097e-01,7.599778183725345571e+02,8.333492162339473452e+01
1.731406950225289343e-01,1.031262679300767786e+03,8.355801137550145086e+01
1.743153981443705813e-01,6.480767536590492455e+02,8.418475608660317278e+01
1.751855724059705466e-01,7.479243694635863449e+02,8.464950930901697745e+01
1.762580497691919046e-01,9.085085219705115378e+02,8.522287840827868877e+01
1.802830303120499522e-01,9.611461095417836304e+02,8.738029236992210258e+01
1.812266606073034136e-01,8.904677643375306388e+02,8.788735466139812047e+01
1.822904445361781534e-01,8.711379769039600660e+02,8.845955921656322118e+01
1.823794460251129124e-01,8.806866813263732183e+02,8.850746043185776557e+01
1.834393717245295097e-01,1.011075551330222993e+03,8.907824845188696372e+01
1.857356500226441387e-01,7.933009143032012389e+02,9.031691070072197647e+01
1.871721009193303420e-01,1.020912063102955358e+03,9.109320593158571455e+01
1.882457567182720393e-01,9.357512375190013927e+02,9.167416094635359514e+01
1.894766081957388604e-01,8.143028180238248979e+02,9.234093502499862893e+01
1.901482175695985433e-01,8.014249796039372313e+02,9.270509989864221723e+01
1.923702047287956240e-01,9.376972899261800194e+02,9.391164073444743110e+01
1.967961726097546826e-01,1.057502022950721994e+03,9.632278834994507122e+01
1.979652362295227785e-01,9.673029835600854085e+02,9.696140076142590658e+01
1.981564708969918431e-01,7.999531778829208406e+02,9.706593353206325503e+01
1.982299823077107170e-01,1.096667933339466799e+03,9.710612152562944743e+01
1.984909439922613039e-01,7.640747453481103548e+02,9.724880993520704919e+01
1.987231950698216121e-01,9.129451497228072867e+02,9.737583032180066311e+01
2.014722811910416578e-01,1.022894686043412435e+03,9.888150030047302153e+01
2.026773270803345905e-01,1.032810532452997677e+03,9.954276019811466369e+01
2.064814276289621553e-01,9.496966213648105395e+02,1.016352479687421777e+02
2.071104032869701683e-01,9.388193150373688241e+02,1.019819553450822838e+02
2.108957589466671223e-01,9.450465935062975404e+02,1.040729138602214192e+02
2.112215343106418342e-01,9.837681955992588883e+02,1.042532159072720361e+02
2.152392113343386537e-01,1.155864762549055058e+03,1.064813643704687820e+02
2.154675732696080814e-01,1.049182814187358190e+03,1.066082628086536062e+02
2.167994878928718450e-01,1.103367424124875924e+03,1.073489333940678137e+02
2.218943582731758291e-01,9.793761801480785607e+02,1.101906329565114078e+02
2.222506714281999862e-01,7.789296162654322870e+02,1.103898701335276655e+02
2.286621554034509174e-01,1.271339622413992402e+03,1.139860748080140525e+02
2.298705095360935591e-01,1.062170966877596584e+03,1.146661973263938989e+02
2.301835883930307691e-01,1.355626094151168900e+03,1.148425353573097567e+02
2.302752846678761678e-01,8.649395869484887953e+02,1.148941916802357639e+02
2.307789471137988713e-01,1.131421555923095411e+03,1.151780020755142004e+02
2.412682474568914603e-01,1.097655810882336937e+03,1.211179011563593662e+02
2.439337793457165837e-01,1.036644654945310776e+03,1.226361883308312883e+02
2.445964124882240576e-01,1.274055365296177342e+03,1.230141774052127204e+02
2.475989383972005964e-01,1.199059080846375537e+03,1.247296762699857737e+02
2.512450183478556198e-01,1.301259894964465047e+03,1.268189178518727687e+02
2.530230360827558922e-01,1.310380307635217605e+03,1.278401378583872656e+02
2.531329214855253529e-01,1.111083615989096188e+03,1.279033029526738403e+02
2.540848184913555574e-01,1.236657895760593874e+03,1.284507294266557835e+02
2.582331085371190049e-01,1.410495099191015470e+03,1.308415999494547179e+02
2.606611390997144451e-01,1.295828806009985101e+03,1.322449326795773459e+02
2.607947541367632294e-01,1.539714416392567273e+03,1.323222425004837248e+02
2.623336151185291509e-01,1.324381992977013397e+03,1.332132608083772141e+02
2.627488503110315676e-01,1.261854476916071690e+03,1.334538857083430798e+02
2.634792935910441614e-01,1.329038178291311169e+03,1.338773756717178856e+02
2.643957465095487791e-01,1.176436428693845301e+03,1.344090779563107105e+02
2.662755395050413476e-01,9.863909005721627636e+02,1.355009695019951721e+02
2.676026737169201475e-01,1.317798203866496806e+03,1.362728832359502178e+02
2.679447042154352587e-01,1.346823085526977138e+03,1.364719607462644717e+02
2.699249383565194282e-01,1.338395245642064083e+03,1.376256666159364670e+02
2.753104017374885526e-01,1.330855526444390989e+03,1.407729123892613075e+02
2.762947955035766068e-01,1.311664975464571853e+03,1.413497035384737046e+02
2.790444082782315149e-01,1.578193486802794268e+03,1.429632701779796378e+02
2.793681188402614701e-01,1.501015898596912848e+03,1.431534736429753991e+02
2.806655666177095831e-01,1.611547306450755286e+03,1.439163229513467002e+02
2.879520134727258096e-01,1.401813600922567048e+03,1.482154203446717418e+02
2.880447543361674967e-01,1.557857870473081675e+03,1.482703016115501669e+02
2.883639020027035649e-01,1.623098776921193803e+03,1.484591948509155088e+02
2.926067513813956911e-01,1.532665067556519261e+03,1.509749867300127448e+02
2.933409059082270343e-01,1.677847361094871076e+03,1.514111664687362122e+02
2.935690011448648384e-01,1.445170145566430392e+03,1.515467353828412911e+02
2.992181596666703136e-01,1.761018729390655608e+03,1.549121361767217309e+02
2.996792478516647762e-01,1.391193094987525001e+03,1.551874835567748505e+02
3.011561001902982593e-01,1.463472724791281735e+03,1.560700828300157355e+02
3.013560844883675927e-01,1.695231593252635776e+03,1.561896761912232705e+02
3.038830156645311309e-01,1.488521553006767817e+03,1.577024233546523249e+02
3.048169718329329925e-01,1.510922888978211631e+03,1.582622890842978904e+02
3.049951531954080419e-01,1.548182671291138831e+03,1.583691470809774273e+02
3.055217405157810706e-01,1.747966430373367984e+03,1.586850355412543649e+02
3.070753470703961874e-01,1.473866621458235841e+03,1.596177613302979807e+02
3.078389126115499419e-01,1.413243859805163765e+03,1.600765871758797232e+02
3.091052341905669021e-01,1.460100484228378946e+03,1.608381139964425302e+02
3.096197428130620377e-01,1.628914958630977708e+03,1.611477356262498688e+02
3.133679168999621290e-01,1.810587463281846112e+03,1.634070044236780461e+02
3.137624840649895219e-01,1.939446357976472882e+03,1.636452123509285741e+02
3.141058862997401224e-01,1.453274243904812920e+03,1.638525892829193538e+02
3.146823759193766445e-01,1.437594864721993417e+03,1.642008470715706494e+02
3.147588492860085019e-01,1.949008591498567284e+03,1.642470561583653819e+02
3.154744182919215767e-01,1.635171911217498973e+03,1.646795693765388933e+02
3.167238617705270265e-01,1.922853188221441997e+03,1.654353369636251898e+02
3.171981690031391299e-01,1.686463229740126508e+03,1.657224248977648529e+02
3.175935816751316310e-01,1.204886140463959691e+03,1.659618384021686950e+02
3.180030685247563493e-01,1.844822905435040866e+03,1.662098489360779467e+02
3.190926470787815994e-01,1.867775080745350806e+03,1.668701385335394889e+02
3.191925854049839639e-01,1.530669856792361770e+03,1.669307287841632501e+02
3.231692117995130786e-01,1.822930422159159889e+03,1.693453603255717326e+02
3.251772446940175421e-01,2.009942641512151113e+03,1.705673835445257680e+02
3.262797790523754848e-01,1.596716216447933448e+03,1.712391277380388601e+02
3.265278522390728799e-01,1.770618752054911283e+03,1.713903478650810825e+02
3.266691580953802188e-01,1.765506427870847574e+03,1.714764973568575783e+02
3.271294437282787904e-01,1.567976583153458705e+03,1.717571808867197092e+02
3.298516481647260079e-01,1.652317330812067212e+03,1.734191466332781602e+02
3.314807229260341437e-01,1.674566682992132655e+03,1.744153311104273598e+02
3.359013910793104962e-01,1.785849706554457271e+03,1.771245927909359921e+02
3.376369801569454321e-01,2.037094854523555796e+03,1.781906631349014560e+02
3.405033791335583260e-01,1.710829575812905432e+03,1.799542667046940494e+02
3.417305770279286392e-01,1.946020466694854349e+03,1.807104404578284402e+02
3.417538048877584167e-01,1.942945255005470244e+03,1.807247594343917285e+02
3.493964649237506492e-01,2.130653032595900186e+03,1.854491007512325496e+02
3.519420957745162948e-01,1.769710892510789790e+03,1.870284100910901657e+02
3.524237966099816877e-01,2.062674029819165298e+03,1.873275773214803621e+02
3.532799906998218553e-01,1.944172788273145898e+03,1.878595799640355608e+02
3.535762706637628483e-01,1.552154128037931059e+03,1.880437505156608040e+02
3.561851906915216581e-01,1.742038219029792572e+03,1.896671379888510103e+02
3.570110802473214218e-01,1.786080625242346514e+03,1.901816628598556633e+02
3.571605833013928866e-01,1.809544189259469022e+03,1.902748342633867367e+02
3.585835663937433360e-01,1.891400432812788722e+03,1.911621350154462107e+02
3.591705305429782058e-01,1.695181866207715302e+03,1.915283930144895521e+02
3.636415056491701936e-01,2.096599661939780162e+03,1.943231296228451583e+02
3.638543777368909993e-01,1.905233511334511832e+03,1.944564084811832174e+02
3.644541909372889243e-01,1.778582336758598103e+03,1.948320558178631927e+02
3.753806479006764896e-01,1.958594509320832458e+03,2.017020820259596974e+02
3.781476861575072679e-01,1.914804721576163502e+03,2.034499578915430504e+02
3.828864194149872446e-01,1.917931634216955445e+03,2.064508511349706623e+02
3.832630044890323884e-01,2.125419404299421331e+03,2.066897379510403425e+02
3.842835037169376466e-01,1.740988401463960827e+03,2.073373923938437713e+02
3.846525713670656543e-01,2.195093829044452377e+03,2.075717272608179087e+02
3.866998204846585629e-01,1.951753287344010914e+03,2.088726429388063082e+02
3.891547636926502296e-01,1.563218725349601300e+03,2.104349463207254303e+02
3.933595007415375822e-01,1.873810871774356656e+03,2.131166596106084512e+02
3.987741917656875135e-01,2.236435601644111557e+03,2.165809020194082848e+02
3.993112070793665147e-01,2.180645709418267870e+03,2.169251391544207763e+02
4.003048646238425157e-01,2.416879925624252337e+03,2.175624070239744583e+02
4.007933635310587661e-01,1.884636162505765242e+03,2.178758482076031271e+02
4.016941207570281502e-01,2.599129847539152706e+03,2.184540695574400218e+02
4.029243438179657133e-01,2.076006483343314812e+03,2.192443244127215678e+02
4.057625901620918185e-01,2.116062936092961991e+03,2.210698947961120666e+02
4.064276164810347591e-01,2.018645964021381587e+03,2.214981202225054631e+02
4.064728149385117284e-01,2.315552097251943451e+03,2.215272311048751419e+02
4.071285003056188678e-01,2.458396295385015037e+03,2.219496312108231564e+02
4.073821018576366804e-01,1.918677327551648659e+03,2.221130514707821533e+02
4.076604484376715742e-01,2.024388371535300621e+03,2.222924476645886500e+02
4.123864301727677706e-01,2.719801375949070916e+03,2.253432021397835854e+02
4.133340538519660878e-01,2.429041948726252940e+03,2.259560148445125378e+02
4.162502677036816756e-01,2.501416112150946901e+03,2.278441690061627583e+02
4.186654700206011714e-01,2.179512449951760118e+03,2.294105404563397315e+02
4.198940118692691126e-01,1.754040634045555407e+03,2.302082107168049561e+02
4.199962548933371398e-01,2.460537814110555246e+03,2.302746227043468252e+02
4.225878021549234198e-01,2.518349619150328181e+03,2.319593675636669730e+02
4.226365594722081287e-01,1.976329609816559469e+03,2.319910901898551003e+02
4.231996699715654398e-01,2.210270998109949232e+03,2.323575319138714974e+02
4.238551939750458963e-01,2.015321721482189332e+03,2.327842715655454526e+02
4.248673388231010151e-01,2.337541334245363032e+03,2.334435061285215056e+02
4.251501666337134111e-01,2.507426800341856506e+03,2.336277921008340570e+02
4.271991335120479683e-01,2.538323293901857141e+03,2.349638207502101750e+02
4.285550533786230964e-01,2.252063905176422395e+03,2.358488699174717738e+02
4.299749024582173451e-01,1.808484666521798317e+03,2.367764328712440260e+02
4.301815517062570482e-01,2.186309050672728972e+03,2.369115001551497812e+02
4.303098249088965765e-01,2.167531828022268201e+03,2.369953488926515206e+02
4.313697799851621273e-01,2.423947836330371956e+03,2.376884632884764130e+02
4.353192824475609068e-01,2.286849768326236699e+03,2.402750030897068427e+02
4.362952065130898394e-01,2.606529467051481333e+03,2.409150893075540125e+02
4.389608501766739668e-01,2.309456885651326047e+03,2.426653381252922088e+02
4.414872669997733645e-01,2.299038151488812218e+03,2.443267513863671638e+02
4.427706935622064410e-01,2.876947362790025636e+03,2.451717129889148623e+02
4.457714611531422566e-01,2.542441275787557970e+03,2.471498245180738422e+02
4.461301861256865564e-01,2.385605780877202506e+03,2.473865319629339012e+02
4.465206351800228290e-01,2.448479193941154335e+03,2.476442298075209010e+02
4.466381325388124601e-01,2.401176316327507266e+03,2.477217901358730217e+02
4.502086928228490326e-01,2.765182325322217821e+03,2.500812883785041549e+02
4.509718306708503377e-01,2.588967345688521164e+03,2.505862274103135121e+02
4.521473972250678042e-01,2.854289847799123436e+03,2.513644962000580563e+02
4.537609448538244550e-01,2.340643977321409238e+03,2.524335952888226302e+02
4.562280080178029440e-01,2.327119852110555712e+03,2.540701569919347662e+02
4.567272597345914953e-01,2.869154575427660347e+03,2.544016280698417631e+02
4.568008516781763007e-01,2.434054105456528305e+03,2.544504965053563126e+02
4.602390817233701359e-01,2.744218892628504818e+03,2.567359586886351508e+02
4.613124123994982728e-01,2.638416562247197362e+03,2.574503520171006699e+02
4.617102019913565947e-01,2.308895558875967708e+03,2.577152269618852074e+02
4.623592034259165207e-01,3.055107472927976687e+03,2.581475054374927254e+02
4.706284913482350341e-01,2.478325682996371143e+03,2.636694486422499040e+02
4.710264994207042921e-01,2.779274314324514762e+03,2.639358789439942257e+02
4.742519923957999595e-01,2.897809933699368230e+03,2.660972598995037401e+02
4.762375807978596054e-01,2.957438093121023940e+03,2.674297376408904938e+02
4.770376553280357701e-01,2.921892768158733816e+03,2.679670658957087426e+02
4.792883261820293228e-01,2.795191925280236774e+03,2.694798984185586619e+02
4.796192082429993064e-01,2.659399409947395270e+03,2.697024671693725395e+02
4.798097204676199379e-01,2.627357637805821923e+03,2.698306343259441178e+02
4.809255224746395996e-01,3.171295662567112686e+03,2.705815627979581564e+02
4.839139131936807114e-01,2.745541929466144666e+03,2.725950204312359801e+02
4.863241740102095534e-01,2.613442817509355336e+03,2.742213776642515199e+02
4.883255180631471681e-01,2.922284240187565956e+03,2.755734498008330320e+02
4.930142913112782743e-01,2.595446989776282408e+03,2.787468957264748042e+02
4.955100662275131462e-01,2.563808413830565769e+03,2.804393808915136788e+02
4.971665451551854353e-01,2.561601366743143444e+03,2.815639669179249154e+02
5.000208510817638619e-01,2.698324468774307661e+03,2.835041134211689382e+02
5.014673768303716805e-01,3.436743966161017852e+03,2.844884894763253556e+02
5.042040701446171003e-01,2.906629238856195570e+03,2.863529199978697193e+02
5.071041028073257628e-01,2.506823565744337429e+03,2.883315928004944908e+02
5.091303384967584833e-01,3.089905367711461167e+03,2.897158838991917378e+02
5.093200263629824587e-01,3.163895594636735495e+03,2.898455513585940366e+02
5.104691679588757580e-01,2.303513773348177892e+03,2.906313624681111492e+02
5.116025670877915044e-01,2.477690941888632096e+03,2.914068739576286475e+02
5.135939785085712472e-01,3.176601109939227172e+03,2.927705852299171170e+02
5.159439368238747381e-01,3.160543476008582729e+03,2.943816562945818873e+02
5.190928754786108268e-01,2.736041297852556454e+03,2.965435811099402486e+02
5.210551127703160201e-01,2.865436008402288735e+03,2.978925543674520213e+02
5.265136481363572596e-01,3.324788101366143110e+03,3.016522995258861783e+02
5.268173235623438977e-01,3.006860984156859104e+03,3.018617752217655266e+02
5.279772558225870327e-01,2.757593411195129647e+03,3.026621971901220718e+02
5.301109443501352825e-01,3.326903956866584394e+03,3.041358054339079331e+02
5.324806578286063186e-01,2.773110373927248020e+03,3.057742954130406474e+02
5.344360447307663353e-01,3.209079989596061296e+03,3.071277887016254908e+02
5.376435692060588245e-01,3.552790750587463663e+03,3.093508861538207952e+02
5.408728734275334293e-01,3.355004091404012797e+03,3.115926950311412043e+02
5.442697544986618841e-01,3.189941513752193714e+03,3.139547369675926802e+02
5.505871998292031222e-01,3.017102887765460764e+03,3.183581876886319151e+02
5.509518984170878042e-01,2.864753053644054944e+03,3.186128119062512951e+02
5.543310270352668212e-01,2.879428526195726590e+03,3.209742045734217868e+02
5.573615164749283757e-01,3.395967704441040041e+03,3.230952730483008963e+02
5.596003424387989700e-01,3.191598794142010320e+03,3.246642523505933013e+02
5.666014067547167077e-01,3.813670517278078023e+03,3.295815615276449080e+02
5.675245669756849853e-01,3.219206941259702035e+03,3.302311889107740512e+02
5.704323062165019831e-01,3.595233939579696198e+03,3.322792298468581293e+02
5.718958196411509931e-01,3.500605937027594791e+03,3.333111123560711349e+02
5.743076010349299487e-01,3.551314969385884979e+03,3.350131503577754870e+02
5.794792106605866078e-01,3.441511007468954631e+03,3.386693635277549106e+02
5.809514408222662407e-01,3.187413737870025670e+03,3.397118162291635599e+02
5.811822858784989609e-01,2.939958213188121135e+03,3.398753372423556129e+02
5.831976197392125805e-01,3.666966301383233258e+03,3.413036616130204948e+02
5.851075755525345645e-01,3.605431266898001013e+03,3.426585347892817026e+02
5.868954508603065889e-01,3.473134922415987148e+03,3.439278921878132564e+02
5.871755838796264282e-01,3.688848687535154568e+03,3.441268762105456744e+02
5.912595192739580341e-01,3.530889194983717061e+03,3.470306890673766702e+02
5.914612391231990340e-01,3.357464588565878785e+03,3.471742595632618986e+02
5.928502459729769747e-01,3.863615076084756765e+03,3.481632199582863905e+02
5.936604880966811493e-01,3.744229227513792011e+03,3.487403947975889764e+02
5.938780034213633208e-01,3.125409965311449923e+03,3.488953778461250295e+02
5.939197267478562026e-01,3.250472467169186530e+03,3.489251081206962795e+02
5.948126086032481386e-01,3.686132981099923200e+03,3.495614733243718319e+02
5.949577551413833820e-01,3.625355892574305017e+03,3.496649450524963640e+02
5.966363206878775305e-01,3.465004508269764301e+03,3.508620529999991504e+02
5.986524632732297402e-01,3.954824367026020809e+03,3.523011169686849371e+02
5.988393242126577309e-01,3.911362567496906649e+03,3.524345593687453402e+02
5.996541513097102261e-01,3.745855809209839663e+03,3.530165808928830984e+02
5.997628299963932985e-01,3.058040155762122595e+03,3.530942250000654781e+02
5.999950067093480222e-01,3.630803839156793401e+03,3.532601134589509115e+02
6.063719673632919083e-01,3.720890043185556351e+03,3.578231769637986304e+02
6.070590182246302646e-01,3.523416110593816029e+03,3.583155771863141581e+02
6.097280904993491735e-01,3.956188709557227412e+03,3.602298957665834678e+02
6.101691464742819981e-01,3.405472634885833941e+03,3.605464496551715570e+02
6.112992982865137481e-01,3.913544320346057702e+03,3.613578626867752064e+02
6.137782541161089789e-01,3.465097979719680097e+03,3.631390952938420469e+02
6.209899332865009836e-01,4.504128276115272456e+03,3.683320389099535532e+02
6.221332705352073944e-01,3.290418434652395717e+03,3.691568306859173276e+02
6.226251760496297472e-01,3.494148397765965910e+03,3.695118124931473176e+02
6.240548881386742686e-01,3.346897336074535815e+03,3.705439895012976308e+02
6.281087900919035683e-01,3.103579820426130937e+03,3.734741689224186985e+02
6.310228844563161577e-01,3.256991859596008908e+03,3.755836536366479663e+02
6.332820262216334317e-01,4.822093128549628091e+03,3.772208385792033027e+02
6.333586197257075057e-01,3.507595230608773818e+03,3.772763730904114823e+02
6.367403924920858049e-01,4.008612896946414367e+03,3.797301520602827622e+02
6.375476132473407720e-01,3.713078179323813856e+03,3.803163846586687669e+02
6.379887091983775793e-01,3.476080514551679244e+03,3.806368091097764363e+02
6.382198363264293128e-01,3.968988147744642902e+03,3.808047302378705012e+02
6.384855658447687876e-01,4.061590727759987203e+03,3.809978114013179038e+02
6.423826914693036017e-01,3.560462379354938093e+03,3.838319848583803378e+02
6.423881742952364249e-01,3.828077518505072931e+03,3.838359755081364710e+02
6.433184151971758080e-01,3.820605444380151312e+03,3.845131802738418969e+02
6.435924597564164351e-01,4.420538009764959497e+03,3.847127320586589576e+02
6.439643830667243218e-01,3.774549674381177283e+03,3.849835932029661762e+02
6.472024789306012327e-01,3.546885227620784917e+03,3.873435898959180577e+02
6.485789782477171528e-01,4.045793486912602475e+03,3.883477807348179454e+02
6.496749864507134209e-01,4.129778749544533639e+03,3.891477580029327328e+02
6.548225858698843993e-01,4.005749935680929411e+03,3.929098633889923917e+02
6.554963932065505094e-01,4.023944077798313629e+03,3.934029056966990083e+02
6.555134081877742602e-01,3.959248975774060000e+03,3.934153577712835386e+02
6.582342829880267754e-01,3.854149760002511812e+03,3.954076968501785814e+02
6.604544414764630389e-01,3.995137222598612880e+03,3.970350380434337012e+02
6.617395484341923595e-01,4.606480710022397034e+03,3.979776761099871010e+02
6.618875046862977563e-01,4.189675844318928284e+03,3.980862351368425607e+02
6.620986991549044909e-01,4.448435162399076034e+03,3.982412048899861929e+02
6.621349898198636286e-01,3.556206924290154348e+03,3.982678355066601625e+02
6.665589529792548262e-01,4.321690085005050605e+03,4.015171480240624646e+02
6.749210732045245464e-01,4.347317004845156589e+03,4.076748297191140296e+02
6.759865696204714336e-01,4.443659945064060594e+03,4.084609207985666899e+02
6.762553578313306168e-01,5.135678424359802193e+03,4.086592773637756295e+02
6.771960058576607100e-01,3.948093105865948019e+03,4.093536107879479573e+02
6.793983123695430670e-01,3.701640384693019314e+03,4.109802450707393291e+02
6.804995909907669560e-01,4.071567837916996268e+03,4.117941877110389441e+02
6.819360621051042681e-01,3.882225382590939716e+03,4.128564003095721091e+02
6.888707513428184992e-01,5.016438525601894980e+03,4.179927792320049775e+02
6.893035937128679791e-01,4.196239306838735502e+03,4.183138393554005461e+02
6.897274517520153303e-01,4.783197539318111012e+03,4.186282879070073477e+02
6.915523531672267410e-01,4.206218381677378602e+03,4.199827249312638742e+02
6.922728551363299676e-01,4.404173408879593808e+03,4.205177443645909534e+02
6.928295901969034887e-01,4.378446033998783605e+03,4.209312587813817572e+02
6.936092999480971688e-01,3.907890213952002341e+03,4.215105375610636997e+02
6.938237777460816158e-01,4.568549279335300525e+03,4.216699127334448463e+02
6.938268235383779903e-01,4.253025359449759890e+03,4.216721761104888628e+02
6.948751548978071568e-01,4.298621745937510241e+03,4.224513664943740991e+02
6.962547375525276472e-01,4.425473115323937236e+03,4.234772465101865464e+02
6.974438884771940739e-01,3.480137084466665328e+03,4.243619567827163337e+02
6.978179106750275196e-01,3.829035990152011891e+03,4.246403074404246922e+02
6.996288456994597116e-01,3.746657485910614469e+03,4.259885878849784717e+02
7.013110793186063674e-01,4.417953537307572333e+03,4.272418872776584067e+02
7.040395032259332275e-01,4.732096370829031912e+03,4.292763363052395107e+02
7.063576835165052970e-01,3.818801391421769495e+03,4.310065508842010900e+02
7.069398574941354596e-01,4.324685726591544153e+03,4.314413062425029466e+02
7.073606714675226836e-01,4.167498264165097680e+03,4.317556211318656096e+02
7.077691711349802794e-01,4.182631170536247737e+03,4.320607861840106239e+02
7.087506110289649719e-01,5.393551117839228027e+03,4.327941528065702528e+02
7.092319425212598727e-01,5.012881554316828442e+03,4.331539203033455578e+02
7.111273072683022001e-01,4.154248045038332748e+03,4.345712322224583204e+02
7.147331233707110432e-01,4.557206194468079048e+03,4.372703768578460881e+02
7.160885696579974979e-01,4.471688076547879973e+03,4.382859452748095919e+02
7.176480402132086045e-01,4.242120668712402221e+03,4.394550160517571840e+02
7.179745351984267998e-01,4.559659819566008991e+03,4.396998620759313212e+02
7.222243248176953845e-01,4.493500168696150467e+03,4.428895919458259414e+02
7.272608633281727464e-01,4.617265682257750996e+03,4.466763322639398552e+02
7.274001129325060599e-01,4.070852449353978955e+03,4.467811274968706243e+02
7.334402784684264098e-01,4.794304980597597933e+03,4.513319324840667264e+02
7.348014742966664237e-01,4.750979333641154881e+03,4.523588761304985724e+02
7.351450063852307260e-01,5.032990593633414392e+03,4.526181315870130106e+02
7.480551608471017744e-01,3.944063421953849684e+03,4.623844549103785653e+02
7.483390674989502944e-01,4.957719295450579921e+03,4.625997339401944828e+02
7.496293755554099825e-01,5.306221482860561082e+03,4.635784150193840105e+02
7.515989710374120225e-01,4.369941270818282646e+03,4.650731914036070975e+02
7.521170778209504970e-01,4.727411090576226343e+03,4.654665692881991390e+02
7.543339268736219960e-01,4.487954843494412671e+03,4.671505488156927868e+02
7.553000515930858860e-01,5.008298442869676364e+03,4.678848560847599742e+02
7.580222535836296238e-01,4.293981503339061419e+03,4.699552207276999525e+02
7.591650786657146988e-01,5.122644746248516640e+03,4.708249836210583794e+02
7.640418424423052191e-01,5.291301191935524002e+03,4.745404192042687441e+02
7.657179342845885639e-01,4.371958452404201125e+03,4.758188322308649276e+02
7.682741940235084943e-01,4.756644736447950891e+03,4.777700101501693553e+02
7.701664888435066914e-01,5.545909990763010683e+03,4.792154979813053615e+02
7.724866344650900274e-01,5.026655574515113585e+03,4.809890986985555514e+02
7.726498627432056843e-01,4.369810898433102921e+03,4.811139293618282409e+02
7.748026306307818079e-01,4.769551134238749910e+03,4.827609365162988411e+02
7.756525588221760970e-01,4.569067173715070567e+03,4.834115209342828621e+02
7.772604502420366046e-01,5.489741220699051155e+03,4.846428110200773745e+02
7.868904687596895986e-01,4.979865554592387525e+03,4.920313612081204155e+02
7.900021718710701357e-01,5.312572229649174005e+03,4.944239193731368118e+02
7.911542340311077393e-01,5.357276163519723923e+03,4.953103609496254194e+02
7.933929768130763005e-01,4.501523838519615310e+03,4.970339115932624736e+02
8.050148360932061209e-01,4.444325388888224552e+03,5.060018459134527120e+02
8.059605953523201194e-01,4.277407336434135686e+03,5.067331437864387453e+02
8.063124834365378302e-01,5.090476358202485244e+03,5.070052950262320337e+02
8.068335803928086136e-01,5.533528419882365597e+03,5.074083703055079582e+02
8.081587351515173712e-01,4.579010582207937659e+03,5.084337033122816365e+02
8.097545027575765442e-01,3.974610704627454652e+03,5.096690089582531300e+02
8.111210779729371989e-01,5.108100012078742111e+03,5.107274026732468428e+02
8.120264747820655771e-01,5.475521930057097052e+03,5.114288783360843809e+02
8.121941337325848664e-01,5.156894110877331514e+03,5.115587982845212878e+02
8.150928159777697246e-01,5.589749979598407663e+03,5.138061182364243678e+02
8.157432302547666936e-01,4.870375726872572159e+03,5.143106667841042281e+02
8.159623738720551689e-01,4.953783323558329357e+03,5.144806877662111901e+02
8.164408492081320912e-01,6.468607727694366986e+03,5.148519510462657536e+02
8.166343325663021346e-01,4.216945479197334862e+03,5.150020967778201566e+02
8.174179976626378963e-01,5.336367916937040718e+03,5.156103271172760287e+02
8.182074498704730026e-01,4.373183250497914742e+03,5.162232038323030565e+02
8.222126421121651596e-01,4.494610764328211189e+03,5.193349497344590873e+02
8.230622939183365183e-01,5.854940718060805921e+03,5.199955799505513596e+02
8.238713035867299972e-01,5.020922201834580846e+03,5.206247758514924726e+02
8.248892871264721371e-01,5.314466530494868493e+03,5.214167283489445026e+02
8.260146986619332221e-01,4.399149953202409051e+03,5.222925538536190970e+02
8.320858099333678926e-01,4.590562507425223885e+03,5.270226386139014494e+02
8.393705981602408439e-01,5.535480467141474037e+03,5.327102371600993820e+02
8.419665811743650696e-01,4.989855633577210938e+03,5.347401751006070754e+02
8.450330663460385860e-01,5.707735641404055059e+03,5.371401284575612181e+02
8.493440625255166410e-01,4.677475067776790638e+03,5.405179261771198753e+02
8.527183433549996305e-01,5.070759002582854009e+03,5.431648975504151622e+02
8.534341954139896824e-01,5.528438761777930267e+03,5.437268022924520210e+02
8.534510067390554955e-01,5.379572360210537227e+03,5.437399997382694892e+02
8.569874988051626730e-01,4.556759591648420610e+03,5.465177647804024446e+02
8.581196183391208709e-01,5.779552884660299242e+03,5.474076274207119468e+02
8.632754786497995880e-01,4.773157103180901686e+03,5.514640634628535736e+02
8.697986725214623682e-01,4.954420074220936840e+03,5.566052791066548480e+02
8.705943585306148425e-01,5.557380542762257392e+03,5.572330799837535551e+02
8.742379727923470512e-01,5.928552596726216507e+03,5.601098098235800080e+02
8.750058521245920318e-01,4.667196212170600120e+03,5.607164673951081113e+02
8.770742996469877983e-01,5.036029995119224623e+03,5.623513146566468777e+02
8.812744134122927342e-01,4.237134187102406941e+03,5.656740421750387213e+02
8.834228288230414616e-01,6.213805325089223516e+03,5.673752462324194994e+02
8.846277968634630451e-01,5.496146666863495739e+03,5.683298575591817325e+02
8.855469214547708745e-01,4.983378274761531429e+03,5.690582409461271709e+02
8.860159414177333215e-01,6.161203383939860942e+03,5.694300028005724243e+02
8.861568985065297888e-01,5.701883201633296267e+03,5.695417403122961559e+02
8.863380845907666838e-01,6.248521433092684674e+03,5.696853743202663054e+02
8.872738760349643261e-01,5.146367479237689622e+03,5.704273370410232928e+02
8.876562299456753902e-01,6.744566737470418047e+03,5.707305528049543000e+02
8.899205982492259803e-01,5.710871818531221834e+03,5.725269408101680710e+02
8.978083257182825072e-01,5.382567473398858056e+03,5.787936835486095788e+02
8.980704484395465315e-01,6.646989778753425526e+03,5.790021822211508606e+02
8.994464837878808350e-01,5.511857448281015422e+03,5.800969702269022719e+02
9.014783280151619227e-01,6.309095682571203724e+03,5.817143138252534982e+02
9.019513178912683671e-01,6.447936753332034641e+03,5.820909472485129754e+02
9.043767249988610146e-01,6.273182421420232458e+03,5.840230524417482911e+02
9.055539627527235957e-01,5.703112093895631915e+03,5.849613325264741661e+02
9.064295111746036859e-01,5.673571837043064079e+03,5.856593637276438358e+02
9.071620616793099057e-01,5.990249955963933644e+03,5.862435227516880332e+02
9.080665221530785924e-01,5.876468155765158372e+03,5.869649351876541914e+02
9.089379721890205044e-01,6.044072883770375483e+03,5.876601923012384532e+02
9.107875572600430125e-01,5.891129005380396848e+03,5.891363877706693302e+02
9.164692409909565018e-01,6.409159011954746347e+03,5.936758667367940916e+02
9.172090613527743574e-01,6.659770581793622114e+03,5.942674901814815485e+02
9.202806769982065926e-01,5.685512805059782295e+03,5.967251205801375136e+02
9.214244392925878824e-01,5.086238481168844373e+03,5.976407925441202451e+02
9.224681440231103924e-01,5.509956047263573055e+03,5.984766140089129749e+02
9.231437635931865060e-01,6.782784538797302957e+03,5.990177936984222242e+02
9.245927884914999506e-01,7.010003297959496194e+03,6.001788217464843456e+02
9.246409786934430830e-01,6.139347070523782349e+03,6.002174420276935507e+02
9.254379318603793703e-01,6.255809780856524412e+03,6.008562055960193220e+02
9.265747046413947974e-01,6.053920931807374473e+03,6.017675799275774580e+02
9.333559795431041195e-01,6.896224989466330044e+03,6.072101845653234022e+02
9.351482877809835781e-01,6.590910871452601896e+03,6.086503659227169010e+02
9.405428343261734714e-01,5.919814201372360003e+03,6.129893048716484145e+02
9.458197679286550752e-01,6.087883791859740086e+03,6.172397693868040278e+02
9.463599606796375685e-01,5.797377413884290945e+03,6.176752242024657562e+02
9.483038875077371976e-01,6.075725512037393855e+03,6.192427647671256636e+02
9.498731801888360415e-01,6.461522797714165790e+03,6.205088030804276968e+02
9.558204715236131577e-01,6.729327448409527278e+03,6.253116288364594766e+02
9.562542042710142631e-01,7.402499822845180461e+03,6.256621929744264889e+02
9.572718649563383142e-01,7.350784832941828427e+03,6.264848742849248993e+02
9.590896070294254727e-01,6.294563034808957127e+03,6.279548951843557916e+02
9.629296019075685997e-01,7.216100319575227331e+03,6.310626405252268114e+02
9.686603429540379118e-01,6.221240948404240044e+03,6.357064040159590377e+02
9.703478507659402119e-01,6.933319027597952299e+03,6.370751567831923694e+02
9.735568414720714436e-01,7.068947696135038314e+03,6.396796520880407115e+02
9.736172699037848322e-01,6.940513629232180392e+03,6.397287180415299872e+02
9.758353134664221606e-01,6.415888080149684356e+03,6.415302284988764541e+02
9.769080425424980785e-01,7.954825233667239445e+03,6.424018763384495969e+02
9.772511657917619665e-01,6.621969497771898205e+03,6.426807325458167952e+02
9.795504188879711194e-01,7.244493725594941679e+03,6.445499699439612868e+02
9.812083055624951644e-01,6.955968057060876163e+03,6.458984763107903291e+02
9.825577542273287168e-01,6.468281609751443284e+03,6.469965252556125961e+02
9.826157880755557184e-01,7.405198595822471361e+03,6.470437560045791088e+02
9.829409249721963171e-01,7.584876385962582390e+03,6.473083810674093002e+02
9.851548178683218193e-01,6.146128671232422676e+03,6.491108260341338791e+02
9.853565992235813198e-01,5.966624123516764485e+03,6.492751572707836658e+02
9.856226688999134566e-01,6.027762574994972056e+03,6.494918579794434663e+02
9.868559784850159389e-01,6.448721352771353850e+03,6.504965197534152139e+02
9.892045378380511789e-01,6.221339386735420703e+03,6.524105413413232100e+02
9.894155976922942575e-01,6.186098738537022655e+03,6.525826060609101660e+02
9.916075968986166611e-01,6.774114454063298581e+03,6.543701577731870884e+02
9.939716324501033373e-01,6.958841789603214238e+03,6.562991123736860573e+02
9.983247902971699173e-01,6.174678101699233594e+03,6.598541096545689015e+02
9.995755518001412376e-01,7.264182104715237983e+03,6.608762589365303484e+02
9.997831387144620052e-01,6.093359400309141165e+03,6.610459343679999620e+02
1.005504862728345161e+00,7.029854450086672841e+03,6.657261602444486925e+02
1.011261966407911661e+00,6.303735335635851698e+03,6.704420326050226322e+02
1.013435471669541066e+00,7.342538581109058214e+03,6.722241781813795569e+02
1.013673675919311012e+00,6.937553812997351997e+03,6.724195494181655022e+02
1.015830064185675230e+00,6.637294423012539482e+03,6.741887031237863539e+02
1.016107579435166608e+00,6.151975462273207995e+03,6.744164512850910569e+02
1.017276781701363708e+00,6.800302993322648035e+03,6.753761490615074763e+02
1.020091006966529878e+00,6.578819418081209733e+03,6.776872281876567286e+02
1.020259051885697099e+00,7.259848402634792365e+03,6.778252790443316371e+02
1.021581937078669844e+00,7.048123276997715948e+03,6.789122416579888295e+02
1.022813615906400742e+00,7.779752414983112430e+03,6.799245776216350805e+02
1.024383335619698965e+00,6.883131299711963038e+03,6.812151928956768643e+02
1.029590970173221764e+00,7.365859280033312643e+03,6.855003903195639623e+02
1.029752488993465498e+00,8.194774101167440676e+03,6.856333850210446599e+02
1.031826473288032231e+00,6.548323181112359634e+03,6.873415635482044763e+02
1.032033548342138563e+00,7.341217585343015344e+03,6.875121617352779140e+02
1.035367739663659137e+00,7.107491819582190146e+03,6.902601900847849947e+02
1.039437662747301871e+00,6.542608927019009570e+03,6.936175699293579555e+02
1.041755908748933646e+00,4.779206875056357603e+03,6.955313999984795146e+02
1.045057137186145679e+00,6.919750510267856043e+03,6.982585447017899014e+02
1.047495646531263924e+00,8.285427974294510932e+03,7.002743609837848453e+02
1.051686289420789677e+00,8.365799647292245936e+03,7.037412923564188532e+02
1.052290262931953491e+00,6.695171052093991420e+03,7.042412419588916919e+02
1.060022999288592338e+00,6.643734178500650160e+03,7.106483673337955906e+02
1.061549238763472625e+00,6.848160097684508401e+03,7.119143244278810698e+02
1.061855728885886974e+00,7.561702309258112109e+03,7.121686000498452813e+02
1.062573091609557485e+00,8.411708401859032165e+03,7.127638212023633741e+02
1.065605018134254234e+00,6.844728150834910593e+03,7.152806043681285928e+02
1.072247943298075823e+00,7.582252633280734699e+03,7.208009776840705172e+02
1.075391567710608953e+00,7.166205172286161542e+03,7.234162963559238051e+02
1.075760450232714271e+00,9.011855445736237016e+03,7.237233083476804723e+02
1.076607258143414736e+00,6.590921678646272994e+03,7.244281832414138762e+02
1.080071344735198835e+00,7.464941690157674202e+03,7.273130635143495510e+02
1.083271278339992261e+00,7.521604395372447470e+03,7.299799626298768089e+02
1.087104313317800441e+00,6.402013749999800893e+03,7.331770283854513082e+02
1.088660390059762451e+00,6.763924964297642873e+03,7.344757073726980252e+02
1.088954819848715339e+00,8.216450448373265317e+03,7.347214849803767720e+02
1.090597398211580416e+00,6.706412131385915927e+03,7.360929365999238598e+02
1.093739262963886461e+00,7.524829006978286998e+03,7.387175972419684058e+02
1.098111222480103066e+00,8.761966423963418492e+03,7.423729026013847943e+02
1.101341060643755032e+00,7.634431254147882100e+03,7.450755710534152740e+02
1.106718843542444652e+00,6.010144227909557230e+03,7.495798557477521626e+02
1.108746272025229240e+00,6.939566786497355679e+03,7.512793502292195171e+02
1.111739176051749656e+00,6.980772151783264235e+03,7.537895276640188058e+02
1.112100128231232610e+00,8.554759461127294344e+03,7.540923720662273126e+02
1.114239193715797827e+00,6.743457979658905970e+03,7.558875672453399375e+02
1.115429988377537152e+00,7.774511145835021125e+03,7.568872933094795599e+02
1.116334039187949490e+00,7.987711213542647783e+03,7.576464567603214846e+02
1.116696064312368231e+00,6.090442427360254442e+03,7.579505036209133095e+02
1.118582276388371710e+00,7.762354089256027692e+03,7.595350232113964921e+02
1.119665085379050851e+00,7.942616373040526014e+03,7.604449318452025182e+02
1.125088169367234103e+00,7.558149836357782078e+03,7.650052537898712899e+02
1.125382286911793761e+00,7.564666641674375569e+03,7.652527313428389562e+02
1.126613736557995793e+00,8.174677423194955736e+03,7.662890713196370598e+02
1.127926428685308347e+00,8.172572688694385761e+03,7.673940814553582186e+02
1.129014174070910537e+00,8.861971446639250644e+03,7.683099678410090974e+02
1.129442086245763255e+00,7.831102639735354387e+03,7.686703298392242232e+02
1.129687830759757761e+00,6.817176561408315138e+03,7.688772959606534414e+02
1.130340707667636835e+00,6.621181175467399953e+03,7.694272016126526523e+02
1.133736058313894679e+00,8.325414146636943769e+03,7.722882678078434537e+02
1.139082980296382441e+00,7.716510340028720748e+03,7.767979729455947790e+02
1.144018189009638586e+00,7.710893635101350810e+03,7.809649288854897122e+02
1.144686754787109795e+00,8.020348571560924938e+03,7.815297514688295450e+02
1.148737734404281730e+00,8.087050655820830798e+03,7.849538128680463842e+02
1.149794404015290095e+00,7.037097637889710313e+03,7.858474295942311301e+02
1.152158652373618697e+00,6.162437190468599510e+03,7.878475639159105413e+02
1.154483421452933145e+00,8.233310397914036002e+03,7.898152530330123682e+02
1.154729448396383473e+00,7.634268402888206765e+03,7.900235459814749674e+02
1.156053127287547166e+00,7.559002743594492131e+03,7.911443890137697963e+02
1.156274056863916044e+00,7.231240183471767523e+03,7.913314938853418425e+02
1.156736117225661609e+00,7.455310708129385603e+03,7.917228395007053905e+02
1.159457787593898281e+00,6.703114710456565263e+03,7.940287337226371847e+02
1.165551254704397355e+00,6.903722159112303416e+03,7.991959941223734631e+02
1.167218568768384923e+00,7.626379230701799315e+03,8.006109958289703172e+02
1.171881349804379413e+00,9.158675961945580639e+03,8.045707075424544428e+02
1.172113294855845256e+00,6.787417497076329710e+03,8.047677767696594628e+02
1.172262558500851037e+00,7.343603952199472587e+03,8.048946016525767391e+02
1.177192250028967324e+00,8.715157132744050614e+03,8.090853594566627862e+02
1.180710322271507184e+00,1.001549051936382421e+04,8.120786315802539548e+02
1.182651204959115798e+00,7.976663918832192394e+03,8.137308900442532149e+02
1.183715179493617820e+00,9.001031136308851273e+03,8.146369150810239717e+02
1.185083186143195189e+00,7.483767406183376806e+03,8.158021203210503245e+02
1.185748943427860969e+00,7.548526646025887203e+03,8.163692966033879657e+02
1.187724293371708484e+00,8.651135060470833196e+03,8.180525913724943621e+02
1.191945245665041453e+00,9.755093301063274339e+03,8.216516864130692284e+02
1.193387607586564814e+00,8.482556232956801978e+03,8.228822390122692241e+02
1.193434318862478527e+00,8.688702097807132304e+03,8.229220966388701299e+02
1.196622334457879466e+00,7.706306847190652661e+03,8.256432212629459855e+02
1.197572445474372138e+00,7.956127456053441165e+03,8.264545165683441610e+02
1.198475907855270028e+00,8.217695278902274367e+03,8.272261190985359463e+02
1.199233527967426438e+00,7.920559274963954522e+03,8.278732702882591639e+02
1.200452638261966021e+00,9.506282433553360534e+03,8.289148230812209022e+02
1.200495474301133125e+00,8.596879989187029423e+03,8.289514247762845116e+02
1.200600230424973436e+00,7.353597246786060168e+03,8.290409360171930757e+02
1.201208901166835208e+00,8.253678927425273287e+03,8.295610647712372838e+02
1.204445026479429748e+00,7.594145594334659108e+03,8.323274758201802115e+02
1.204488155204878730e+00,8.887526364067063696e+03,8.323643563167548791e+02
1.204672069314118188e+00,7.173610871276539001e+03,8.325216295368300052e+02
1.206877924758426479e+00,7.842925330404791566e+03,8.344083939649567583e+02
1.209192455788209442e+00,8.503632754163629215e+03,8.363889819963853824e+02
1.219817515388071261e+00,7.365984916823284948e+03,8.454924066389532982e+02
1.224617690482284305e+00,8.337483571893359112e+03,8.496112235514065105e+02
1.224761904961468417e+00,7.424965492805647955e+03,8.497350258905995588e+02
1.226922938300444743e+00,1.045003863366263249e+04,8.515905926651665823e+02
1.226930408295422437e+00,7.917574758593666047e+03,8.515970080814072389e+02
1.231450497321927351e+00,6.517520878285477011e+03,8.554806371521456185e+02
1.231725788187551629e+00,8.626563767727939194e+03,8.557172723888493238e+02
1.235151772106769741e+00,9.336054015945288484e+03,8.586632159828701560e+02
1.235577370029392164e+00,9.280533017525312971e+03,8.590293128341390911e+02
1.237964716869192294e+00,7.198241433129907819e+03,8.610834370355792089e+02
1.238289278703472718e+00,9.003196552680848981e+03,8.613627679866167455e+02
1.238670062041393738e+00,8.367960765035126315e+03,8.616905070718872821e+02
1.240700406382219345e+00,7.988999983267050084e+03,8.634384126757819331e+02
1.247284157776767044e+00,9.304722410512333227e+03,8.691108613153805891e+02
1.248571408632308755e+00,8.543955286003738365e+03,8.702207460938212762e+02
1.255835009653553991e+00,8.658881633901892201e+03,8.764884691796247580e+02
1.258840986891409219e+00,8.178569861660786955e+03,8.790847625470044022e+02
1.261324201574389070e+00,9.852120604179832299e+03,8.812306187299882367e+02
1.262326298414607528e+00,9.820397478734555989e+03,8.820968508655223559e+02
1.265126867112650766e+00,9.526527929425354159e+03,8.845185563797861050e+02
1.266329405206719549e+00,6.456923580649701762e+03,8.855587928567446170e+02
1.266896606378606016e+00,8.493462611755334365e+03,8.860495200778916569e+02
1.267611501516769268e+00,9.300832116798230345e+03,8.866681001013530476e+02
1.269749626189764280e+00,9.682532927796990407e+03,8.885186416840484753e+02
1.270547011172443286e+00,1.009078626285458813e+04,8.892089597490520418e+02
1.280255175524561695e+00,8.689269802956439889e+03,8.976215420435212309e+02
1.281063934931452986e+00,9.597068607119770604e+03,8.983230316006083740e+02
1.287062679308856650e+00,8.375577012093364829e+03,9.035292916280677673e+02
1.287994730219131689e+00,1.005430492287066409e+04,9.043387094255849661e+02
1.290407218625209573e+00,9.338843737948647686e+03,9.064343995463210604e+02
1.291289576319786914e+00,9.152608799811574499e+03,9.072011130517117863e+02
1.291778928404815119e+00,8.612049775844494434e+03,9.076263808668404636e+02
1.292268735505774702e+00,8.670318726594201507e+03,9.080520809139491121e+02
1.294206830701218225e+00,9.926239426295049270e+03,9.097368746311802852e+02
1.300215684156537765e+00,9.396266972663841443e+03,9.149640462703514459e+02
1.300298853402911847e+00,7.607257628468368239e+03,9.150364348210822527e+02
1.304194874035664808e+00,9.009903801657836084e+03,9.184286184861057336e+02
1.305521363563809656e+00,9.697731161308716764e+03,9.195840912541066245e+02
1.305943248569061854e+00,9.275095261501563073e+03,9.199516409415941780e+02
1.307779738076569886e+00,9.497609601684476729e+03,9.215519197982525839e+02
1.311248367680024840e+00,8.937529764451457595e+03,9.245758028267445070e+02
1.311759303017911771e+00,9.119940792015295301e+03,9.250213796492471374e+02
1.313621539290069196e+00,9.818347223453802144e+03,9.266457328133612918e+02
1.314194970362507764e+00,9.134272321620583170e+03,9.271460186069512019e+02
1.328203760745202855e+00,8.520003823327420832e+03,9.393831873601570805e+02
1.328466852580834523e+00,9.653207553252075741e+03,9.396132872884835479e+02
1.329166015382287069e+00,9.158581454900317112e+03,9.402248245131152089e+02
1.330001507906729552e+00,9.088913546863564989e+03,9.409557004922198757e+02
1.331234275999878536e+00,7.980116801501051668e+03,9.420342960452886700e+02
1.331696024727721861e+00,1.055398920370056658e+04,9.424383554834680581e+02
1.332011108628967655e+00,8.943132580044997667e+03,9.427140920138668889e+02
1.332307784620730073e+00,8.983570228368531389e+03,9.429737328300724357e+02
1.333000844009574415e+00,9.808944097091884032e+03,9.435803257700769109e+02
1.334358699022532679e+00,1.033873203843178089e+04,9.447689799872113099e+02
1.340805853340278020e+00,1.139288196765615976e+04,9.504164727347779262e+02
1.343356498096642371e+00,8.694138513847716240e+03,9.526524401219462561e+02
1.350456140364672430e+00,1.118541839318582242e+04,9.588812011162110593e+02
1.351456917729886742e+00,8.706605116965882189e+03,9.597598089824609815e+02
1.354288357428465206e+00,1.146057996433259177e+04,9.622463908092510110e+02
1.356054702606474871e+00,7.986586936304524897e+03,9.637981918756419191e+02
1.357547295176528834e+00,1.038257437764003771e+04,9.651098434130919941e+02
1.358010253773048737e+00,8.776382518929427533e+03,9.655167449239967254e+02
1.359250857175907212e+00,9.204446904104861460e+03,9.666072833934344999e+02
1.359660682229567152e+00,9.487239579930999753e+03,9.669675843837906086e+02
1.364194037008503724e+00,8.851823392218797380e+03,9.709547363820655619e+02
1.368421364596498657e+00,9.624292588913624058e+03,9.746753976704166007e+02
1.370740395549447488e+00,7.629891128031978951e+03,9.767175699957533652e+02
1.377624732801338014e+00,8.283350646460796270e+03,9.827845437722922952e+02
1.384439298842650823e+00,8.807445772710525489e+03,9.887966684459290718e+02
1.385388193759664821e+00,7.668953563835422756e+03,9.896343489720346724e+02
1.387047746751126853e+00,1.021323610089972863e+04,9.910997012142072435e+02
1.388249349244330855e+00,9.130759550542468787e+03,9.921609348014879970e+02
1.388937713945370911e+00,9.270239416986616561e+03,9.927689777323514591e+02
1.389640671779559966e+00,8.447445439914297822e+03,9.933899798673406849e+02
1.392706964495258770e+00,9.070615459547285354e+03,9.960995957089061221e+02
1.393481061648697894e+00,9.631474610311603101e+03,9.967838572342276393e+02
1.393498184381806837e+00,9.270676333286868612e+03,9.967989937880470279e+02
1.395492838018512538e+00,1.137626832550357722e+04,9.985625556268992113e+02
1.397863644116288384e+00,1.159116124833299546e+04,1.000659415155619740e+03
1.401724181739604447e+00,8.792259432304992515e+03,1.004075548044781954e+03
1.402448605186277675e+00,9.902431021241654889e+03,1.004716811216824567e+03
1.409548731054305115e+00,9.274859257634450842e+03,1.011005737063202560e+03
1.411261513929533917e+00,9.879268907355290139e+03,1.012523877793546717e+03
1.417379418564187921e+00,9.820685536305376445e+03,1.017949843699171879e+03
1.419448651910987680e+00,1.152030481574921214e+04,1.019786211046505059e+03
1.420836899725520075e+00,1.022101163507497404e+04,1.021018558490138162e+03
1.422243921620645946e+00,1.071153104539279047e+04,1.022267841169124495e+03
1.423070222986611455e+00,9.269118626852434318e+03,1.023001633384001252e+03
1.423482908965807869e+00,9.929306164238943893e+03,1.023368151786521480e+03
1.425982850206596098e+00,8.471306271863979418e+03,1.025588919706010756e+03
1.426375190362604961e+00,1.171763534574978803e+04,1.025937523931095029e+03
1.427092660005269131e+00,9.706255437162526505e+03,1.026575068287505701e+03
1.427602729291699513e+00,1.081699797858560669e+04,1.027028359124594772e+03
1.427948896875979479e+00,1.147708683779108469e+04,1.027336013199466606e+03
1.431452550808267832e+00,1.089454878976008513e+04,1.030450779539570476e+03
1.431739291538786762e+00,1.019260370956844781e+04,1.030705767393403448e+03
1.434283996652726767e+00,1.061311238605865401e+04,1.032969167740383000e+03
1.437123560535082278e+00,1.088217393317620554e+04,1.035495867312069322e+03
1.438649370517687043e+00,1.234403917340054613e+04,1.036854013242146493e+03
1.440113150162571021e+00,1.085455219702463910e+04,1.038157240429417016e+03
1.441524718166460106e+00,1.012888543418308655e+04,1.039414256346670300e+03
1.441962204941289682e+00,1.005836796362250971e+04,1.039803897330679320e+03
1.444575320286183961e+00,1.039851242147721678e+04,1.042131765245595034e+03
1.447096872145055668e+00,9.826116437442122333e+03,1.044378934312704359e+03
1.451311304284020220e+00,1.222074962526846684e+04,1.048136674472399591e+03
1.451667410684271742e+00,1.214243883075821941e+04,1.048454300634918582e+03
1.452524610144935835e+00,9.510314481189945582e+03,1.049218942041253058e+03
1.452861462344757770e+00,9.388674547700975381e+03,1.049519448699599479e+03
1.454858116708023896e+00,8.669380820248767122e+03,1.051300979474400492e+03
1.455705495418519568e+00,1.081122272032329965e+04,1.052057220406252554e+03
1.455823332344536869e+00,1.096031223473989303e+04,1.052162391234700635e+03
1.456212386363539446e+00,1.038735676325287750e+04,1.052509639596123407e+03
1.457814472552255047e+00,1.219437920136007415e+04,1.053939786294425858e+03
1.457828673629439908e+00,1.043798065110339303e+04,1.053952464805347290e+03
1.458620750289126633e+00,1.080518318861712032e+04,1.054659661499835465e+03
1.460097826103368357e+00,1.132794005562318125e+04,1.055978674383906537e+03
1.466616898194563090e+00,1.094591840215312186e+04,1.061803586962929330e+03
1.467409499503202985e+00,1.154823845052665820e+04,1.062512173756811990e+03
1.469953197376791199e+00,1.010095570202426097e+04,1.064786802530828027e+03
1.470115755527427126e+00,1.229673217705433672e+04,1.064932194435363044e+03
1.473246322180327139e+00,9.669580747766336572e+03,1.067732848475587843e+03
1.474734933111042867e+00,1.134302353591978317e+04,1.069065034290747917e+03
1.479490916839437675e+00,9.943122202975926484e+03,1.073323196695731895e+03
1.479826650098923668e+00,9.355205645266336433e+03,1.073623899533142776e+03
1.483576103646549793e+00,1.088136020268140783e+04,1.076983133031799525e+03
1.485589825418204946e+00,1.106848042302634167e+04,1.078788033995578871e+03
1.491063925123582878e+00,1.002341036414841619e+04,1.083697133626041023e+03
1.492119321780302821e+00,1.046872750644668668e+04,1.084644045146682402e+03
1.496755724988745984e+00,1.083490986043645353e+04,1.088805570695626329e+03
1.502777432364283738e+00,1.020500272256709104e+04,1.094214639132043203e+03
1.505843414720505091e+00,1.212620669758593249e+04,1.096970478196135673e+03
1.506013837194779992e+00,1.032310697134256588e+04,1.097123696615160725e+03
1.508007113149893552e+00,1.310310364258202389e+04,1.098916027653732272e+03
1.510122885372569890e+00,1.238428525714101488e+04,1.100819060039841361e+03
1.512686514144854666e+00,1.160677769179832831e+04,1.103125680425180690e+03
1.519753526504405761e+00,1.148229959856648020e+04,1.109488528376826480e+03
1.527965674165841170e+00,1.075482175704958354e+04,1.116890328499138832e+03
1.528102665892259626e+00,8.418097297935633833e+03,1.117013874225776590e+03
1.531917687430691455e+00,1.106261152731900438e+04,1.120455388676516804e+03
1.532541920930542645e+00,1.118520146461336299e+04,1.121018680418091662e+03
1.535408005154774713e+00,9.270986242578495876e+03,1.123605583479182542e+03
1.538589877674551687e+00,9.949816219116773937e+03,1.126478714006146447e+03
1.539234717405601582e+00,1.068602664688460936e+04,1.127061137501028725e+03
1.539789141910534509e+00,9.854185930374198506e+03,1.127561938695464733e+03
1.540396657666540214e+00,1.152683244032691073e+04,1.128110740069955909e+03
1.541349316741937425e+00,1.194215274011656584e+04,1.128971420094645282e+03
1.545112935377280339e+00,1.202048786670574191e+04,1.132372762651414632e+03
1.546123070645998743e+00,8.891906241940385371e+03,1.133285963477714631e+03
1.547107976417809061e+00,1.171113646171762593e+04,1.134176477337329288e+03
1.547695830381810689e+00,1.301812376990697521e+04,1.134708049358767994e+03
1.549042219735326187e+00,1.169236232114180893e+04,1.135925694299671022e+03
1.551545520197887384e+00,1.117213843711557456e+04,1.138190218357216509e+03
1.557085479737704503e+00,1.268059912119924775e+04,1.143204491226023492e+03
1.558815456209822425e+00,1.159219033376763582e+04,1.144771081726439434e+03
1.562403355633543489e+00,1.160459675403063375e+04,1.148021292452828902e+03
1.563532293829964726e+00,1.171282364272507766e+04,1.149044301521888883e+03
1.563880935020605767e+00,1.285206905454961634e+04,1.149360260858642278e+03
1.567612864261332950e+00,1.246002065008407953e+04,1.152743283960814779e+03
1.569482809124119971e+00,1.098895506890163779e+04,1.154439040539770758e+03
1.570734253942030589e+00,1.118729264046403841e+04,1.155574148397521185e+03
1.571956227124012173e+00,1.180864509513150369e+04,1.156682707595499096e+03
1.574823344511468992e+00,1.468029762067528281e+04,1.159284431340436640e+03
1.576586246599596786e+00,1.001133394261513422e+04,1.160884644435299606e+03
1.581937133418478414e+00,1.378304459916404994e+04,1.165744020842973896e+03
1.582834460139000310e+00,1.063620494665756451e+04,1.166559260142107405e+03
1.585472049937574290e+00,1.057972364225601086e+04,1.168956122943930723e+03
1.588772173756815898e+00,1.371667554479810860e+04,1.171956225832302380e+03
1.589377899575325381e+00,9.601179488654313900e+03,1.172507025406541970e+03
1.589637350147421246e+00,1.138540655016994970e+04,1.172742962829713406e+03
1.591048004349570721e+00,1.312138520041031370e+04,1.174025914783322378e+03
1.594251995785302523e+00,1.001861721528180715e+04,1.176940740378068767e+03
1.595081763486351001e+00,1.032432814869501090e+04,1.177695819428053483e+03
1.597460169286457177e+00,1.150775604959869088e+04,1.179860594986139631e+03
1.598990864564543646e+00,1.296331651817136844e+04,1.181254157368006645e+03
1.599183900242918233e+00,1.277637923028349542e+04,1.181429918982627669e+03
1.600427581622792417e+00,9.163474871134991190e+03,1.182562413734990059e+03
1.605203167568572065e+00,1.235419123698453768e+04,1.186912757676215506e+03
1.605441681547609356e+00,1.079508955860585411e+04,1.187130103842563585e+03
1.613219311080753782e+00,1.189885252242481874e+04,1.194221150309934728e+03
1.614453248446664269e+00,1.061238798373499958e+04,1.195346813122193453e+03
1.614537547277818064e+00,1.077775835446822566e+04,1.195423721480216727e+03
1.614666201633991216e+00,1.230723620025588389e+04,1.195541098322510834e+03
1.614887042735181799e+00,1.213058907710285712e+04,1.195742585575924068e+03
1.618203943780633036e+00,1.070714949614821307e+04,1.198769490249275577e+03
1.620214419558396068e+00,1.188086976502783727e+04,1.200604816318467556e+03
1.624229155556098370e+00,1.201756070679026016e+04,1.204271204863088087e+03
1.626715794670832160e+00,1.372843282235490551e+04,1.206543025843991927e+03
1.628164032692846597e+00,1.333715291847066146e+04,1.207866482998609627e+03
1.628438753530739191e+00,1.276400932976364129e+04,1.208117561214710804e+03
1.628662101718199473e+00,1.019194044935808233e+04,1.208321694387234629e+03
1.632243395339478154e+00,9.790703448068266880e+03,1.211595672484837451e+03
1.639008818627141428e+00,1.479798343531131832e+04,1.217784588978676311e+03
1.643745314778501054e+00,1.170715123699984906e+04,1.222120605346761977e+03
1.648233251438072866e+00,1.253845573223570318e+04,1.226231450793525255e+03
1.648736906386971901e+00,1.255824622105862909e+04,1.226692930711793224e+03
1.649884344993084673e+00,1.221969409300596271e+04,1.227744393300687761e+03
1.650843794538479958e+00,1.246732714433474939e+04,1.228623706233413031e+03
1.651249453012406443e+00,1.333888283853129542e+04,1.228995514246432549e+03
1.651553893905146397e+00,1.131487927120481436e+04,1.229274563169612975e+03
1.655325056899071612e+00,1.161133059636045073e+04,1.232732066138958771e+03
1.655676936099481633e+00,1.413891649262304054e+04,1.233054760871304325e+03
1.656585113445246060e+00,1.150244640698780313e+04,1.233887679978797905e+03
1.658727424061062772e+00,1.187101752264822971e+04,1.235852833767440643e+03
1.659336555628680099e+00,1.068524922444234289e+04,1.236411688635635528e+03
1.662962845093109099e+00,1.242865054252378650e+04,1.239739539391354583e+03
1.665402161181332774e+00,1.278341228291103289e+04,1.241978938968523835e+03
1.669929913468977123e+00,1.144604502015024445e+04,1.246137392371296301e+03
1.670317990449329493e+00,1.131004588341901945e+04,1.246493923767334309e+03
1.671112156946411131e+00,1.365913066978995994e+04,1.247223587642915618e+03
1.671297655335620913e+00,1.428696131069469448e+04,1.247394029957891462e+03
1.674644411243821240e+00,1.321083543222713524e+04,1.250469807653385033e+03
1.674714299918220961e+00,1.199998332208315333e+04,1.250534051001429134e+03
1.675737069617325936e+00,1.464801090073707928e+04,1.251474268022530168e+03
1.675808636621368031e+00,1.246100655414294488e+04,1.251540062890593390e+03
1.682405584502031592e+00,1.347237616078900282e+04,1.257607400079622266e+03
1.683591339978351975e+00,1.432333012849206716e+04,1.258698476102964833e+03
1.689288674100500875e+00,1.178243448368813006e+04,1.263943071643408075e+03
1.690073800099492818e+00,1.440855702225893583e+04,1.264666089822467256e+03
1.695202668042455896e+00,1.064651175802516627e+04,1.269390912927191266e+03
1.698539455808360632e+00,1.101973215924212491e+04,1.272466391630837279e+03
1.700307108543780643e+00,1.392901435722444876e+04,1.274096113205995152e+03
1.701606708459921569e+00,1.341682069679369124e+04,1.275294523442927584e+03
1.706952376847515218e+00,1.349557679033210661e+04,1.280225914043243847e+03
1.707045608422641081e+00,1.388123811080527412e+04,1.280311948127062806e+03
1.709374640712654436e+00,1.284863947359967642e+04,1.282461486985761667e+03
1.710547069533227882e+00,1.211321550120091524e+04,1.283543783354102516e+03
1.711496604521707265e+00,1.117226022614489011e+04,1.284420431090562943e+03
1.713175182276637010e+00,1.296114352319379759e+04,1.285970399853150411e+03
1.715999272333540215e+00,1.245447309281185153e+04,1.288578806006180912e+03
1.720128118735424927e+00,1.063300570365246494e+04,1.292393878942289120e+03
1.721693712642636376e+00,1.240914342411020334e+04,1.293840977838775643e+03
1.725658255086192305e+00,1.089611313412672098e+04,1.297506641160626032e+03
1.726288647673845933e+00,1.350920692650112142e+04,1.298089666001405931e+03
1.736534553414542437e+00,1.227438609842730511e+04,1.307571685963002892e+03
1.736974681855347535e+00,1.473007588187622787e+04,1.307979252747180226e+03
1.738834341460889998e+00,1.398377556859530159e+04,1.309701559358817576e+03
1.739457366673962113e+00,1.295912780307272260e+04,1.310278651059263439e+03
1.744194459956579735e+00,1.266711433614038106e+04,1.314667848918473737e+03
1.747092417000066344e+00,1.336531598014106748e+04,1.317354155710943814e+03
1.747433529880171754e+00,1.240198032690712171e+04,1.317670414350798637e+03
1.748752925752347531e+00,1.383894908762941486e+04,1.318893792381875983e+03
1.749055390108639196e+00,1.312481935731254816e+04,1.319174271188885314e+03
1.750109458900545922e+00,1.272216443698140210e+04,1.320151797555102121e+03
1.750625896571379680e+00,1.384615287660208924e+04,1.320630776481450539e+03
1.759067072139824717e+00,1.456381839945996944e+04,1.328463685542855274e+03
1.759439087790124256e+00,1.422701684640892927e+04,1.328809066867930369e+03
1.760318691216488540e+00,1.255693336608379832e+04,1.329625753336885055e+03
1.761259702423835893e+00,1.395943731353248040e+04,1.330499545264649214e+03
1.763763074217061355e+00,1.036523643711392469e+04,1.332824546641520101e+03
1.764482945706956629e+00,1.261194881896692095e+04,1.333493247582920048e+03
1.765749502301543039e+00,1.239476034022730892e+04,1.334669905578908811e+03
1.772175750901401559e+00,1.576379671859135487e+04,1.340642613847169741e+03
1.775473215345245492e+00,1.326665243036022548e+04,1.343709029079142965e+03
1.782383104300018006e+00,1.370382667996429518e+04,1.350138417259531707e+03
1.783347208233324377e+00,1.208281563451464535e+04,1.351035872793329190e+03
1.785079809750146129e+00,1.394758041739854707e+04,1.352648941453504904e+03
1.786513278491806966e+00,1.156810277756480536e+04,1.353983749170187821e+03
1.788165958664531097e+00,1.222268839555195700e+04,1.355522943990126350e+03
1.788314778648514514e+00,1.493977275964228829e+04,1.355661558712480428e+03
1.792603318708055227e+00,1.298402567450779679e+04,1.359656994300925589e+03
1.794171277466346082e+00,1.144038607995407438e+04,1.361118261698491324e+03
1.796863606557583815e+00,1.493755842082440722e+04,1.363627980716812999e+03
1.797157644858066838e+00,1.375657741344581700e+04,1.363902120585134298e+03
1.799045369748140999e+00,1.458493492596229407e+04,1.365662308557386268e+03
1.802288671805804654e+00,1.387880038245561627e+04,1.368687340586185428e+03
1.802536062535092798e+00,1.326791898541231421e+04,1.368918126359155167e+03
1.802914727268614570e+00,1.377248253946246587e+04,1.369271387077825011e+03
1.803055624083230946e+00,1.451025009044051512e+04,1.369402835085156767e+03
1.806003055981420635e+00,1.384148985611182252e+04,1.372153070791108348e+03
1.807480638063798661e+00,1.387552783242596342e+04,1.373532129172319173e+03
1.808407964619273001e+00,1.290643846662743454e+04,1.374397735976529702e+03
1.813645302836562667e+00,1.431989370723663342e+04,1.379288134170209560e+03
1.813824611047484048e+00,1.363167799095863666e+04,1.379455613616136361e+03
1.814674135268048216e+00,1.157895840386542659e+04,1.380249139917832281e+03
1.815783518918188566e+00,1.408893236163561232e+04,1.381285506534955402e+03
1.817468304566226323e+00,1.513814293655534857e+04,1.382859641595119001e+03
1.820462516781738094e+00,1.484481059048346106e+04,1.385657912368440066e+03
1.821327072211441411e+00,1.247427861130641941e+04,1.386466059496035996e+03
1.821810997973534851e+00,1.661453857661463917e+04,1.386918444187241676e+03
1.822352104156910624e+00,1.302036072228691592e+04,1.387424310357120930e+03
1.822508923904513578e+00,1.282525758373338249e+04,1.387570922592213719e+03
1.823803171467233586e+00,1.350642812047237749e+04,1.388781021146388184e+03
1.829484965569080135e+00,1.411233522830615220e+04,1.394095389514725412e+03
1.830560535175340231e+00,1.344989119265129739e+04,1.395101769538700637e+03
1.832178870795786452e+00,1.323760534333476971e+04,1.396616218570301953e+03
1.833763660002912355e+00,1.323977895165104383e+04,1.398099528487366797e+03
1.833797395092321425e+00,1.330859006357921862e+04,1.398131106135798746e+03
1.839903842169026582e+00,1.520296572180149633e+04,1.403848901273231149e+03
1.840314247188340468e+00,1.138080448490360504e+04,1.404233318790168141e+03
1.840357707797946052e+00,1.312281732730237127e+04,1.404274028385367274e+03
1.842240287159089274e+00,1.520290585873679083e+04,1.406037622517609407e+03
1.843832758286710449e+00,1.610109916140842324e+04,1.407529719042280021e+03
1.844055998237281946e+00,1.295296634400165931e+04,1.407738908130988420e+03
1.847807196124779505e+00,1.548852802418882493e+04,1.411254742127156533e+03
1.850321574660270141e+00,1.316967271224463366e+04,1.413612138918022765e+03
1.854864841031512057e+00,1.322463982704448608e+04,1.417873335523276410e+03
1.857685475451052781e+00,1.594626774963381467e+04,1.420519873177635418e+03
1.859795242813534699e+00,1.545841696040776151e+04,1.422499931514018499e+03
1.864207465471264147e+00,1.602073451447640218e+04,1.426642300843524254e+03
1.868541119088220626e+00,1.448694089559452550e+04,1.430712760610151918e+03
1.870624118004159397e+00,1.454961045029992238e+04,1.432669905946945164e+03
1.872675786596690095e+00,1.425186284136855647e+04,1.434598027103157165e+03
1.874629367772742583e+00,1.586667298738598947e+04,1.436434348064963842e+03
1.883972913449307729e+00,1.422897989985734421e+04,1.445222182976345039e+03
1.886367276172122409e+00,1.389270620370002871e+04,1.447475498846532673e+03
1.889023747430243150e+00,1.373712377721507073e+04,1.449976129567783346e+03
1.890029157272171911e+00,1.448136246240911714e+04,1.450922734729988179e+03
1.890827961681643243e+00,1.606583243852976739e+04,1.451674887741370185e+03
1.891309780114295958e+00,1.379855528773505830e+04,1.452128596890402605e+03
1.900142655889170751e+00,1.425815836288475111e+04,1.460450107299966476e+03
1.900359806301446186e+00,1.394542558184543668e+04,1.460654780151022806e+03
1.903277394165957537e+00,1.626227664282597470e+04,1.463405158476712586e+03
1.907395245118088667e+00,1.457000485452247449e+04,1.467288391833380729e+03
1.915355923480531963e+00,1.359923247282266675e+04,1.474800069894024318e+03
1.916821483695713813e+00,1.319036757349841355e+04,1.476183623128979434e+03
1.916964602372817517e+00,1.530406049091405112e+04,1.476318744323593819e+03
1.917614624590215477e+00,1.627616974495464638e+04,1.476932467591250543e+03
1.918401470789338203e+00,1.467006521982542108e+04,1.477675427589389983e+03
1.919198351786342238e+00,1.491023219005628198e+04,1.478427922230519471e+03
1.922068158510994884e+00,1.489241776944147568e+04,1.481138376314212564e+03
1.926280061699109369e+00,1.403855999999414598e+04,1.485117807084064907e+03
1.926485726037257429e+00,1.422583166479320789e+04,1.485312162627086309e+03
1.927173623932373125e+00,1.493481379648671100e+04,1.485962264152869466e+03
1.927599461007003745e+00,1.641055253048870873e+04,1.486364725965820980e+03
1.929703412229602177e+00,1.477324210863038024e+04,1.488353435512460237e+03
1.931570386421564978e+00,1.585947535804155632e+04,1.490118495330782935e+03
1.932719868840791388e+00,1.484851191102946723e+04,1.491205391987381518e+03
1.933266831525643381e+00,1.268779325305948441e+04,1.491722617611080750e+03
1.933315662803738455e+00,1.480827066838038627e+04,1.491768795407818288e+03
1.934677005844840370e+00,1.334507471668884136e+04,1.493056253001631376e+03
1.934692643928322520e+00,1.714775348383393793e+04,1.493071043349984848e+03
1.936523044444596886e+00,1.304134628908854211e+04,1.494802376113809942e+03
1.937344700637587458e+00,1.318601398772687025e+04,1.495579662961239364e+03
1.940736068383632107e+00,1.722618034784568590e+04,1.498788562478855056e+03
1.944843465288277340e+00,1.367100362624645095e+04,1.502676397617147813e+03
1.947306903917187748e+00,1.752342786313050601e+04,1.505008903292297873e+03
1.949555431203810585e+00,1.489738700137313572e+04,1.507138410673208455e+03
1.951005674803073520e+00,1.268287934624410627e+04,1.508512137378233319e+03
1.952712357653834552e+00,1.626050110606624366e+04,1.510129021998374583e+03
1.952844770979250466e+00,1.528356031454502772e+04,1.510254479545756112e+03
1.954755618895616776e+00,1.744132156860641771e+04,1.512065129080636325e+03
1.956819790671414205e+00,1.702451026901336809e+04,1.514021440608773901e+03
1.957636762923140150e+00,1.371119137908901030e+04,1.514795831482880885e+03
1.957951143320778575e+00,1.260429222060387656e+04,1.515093842426107130e+03
1.957977825573684605e+00,1.485478108938398509e+04,1.515119135780675833e+03
1.960061906572093449e+00,1.692106217756762271e+04,1.517094935666319088e+03
1.961287772775372584e+00,1.435133857006321159e+04,1.518257296694364186e+03
1.962973560921097427e+00,1.413199779826203303e+04,1.519855978820348582e+03
1.963757776159964497e+00,1.663306990806607791e+04,1.520599761792869458e+03
1.964770781230193331e+00,1.665614576579048298e+04,1.521560622102675779e+03
1.964904523602735154e+00,1.330541659027700371e+04,1.521687487063472872e+03
1.969710719658060105e+00,1.427411336821732402e+04,1.526247620194103547e+03
1.971673148940362719e+00,1.300625727977001952e+04,1.528110185220411950e+03
1.972832066963107200e+00,1.613428006000979985e+04,1.529210292959351364e+03
1.975734644037524079e+00,1.657572043013514485e+04,1.531966112750111961e+03
1.975814410839267232e+00,1.588808729008273440e+04,1.532041857276256451e+03
1.979385933308279055e+00,1.689959442191565540e+04,1.535433876245820102e+03
1.980928834756138235e+00,1.884533423533066525e+04,1.536899589863572601e+03
1.981562788140051046e+00,1.671995008937907187e+04,1.537501890518622076e+03
1.983062612697325200e+00,1.768323257379775896e+04,1.538926975013513356e+03
1.983462623300860539e+00,1.651716084270917418e+04,1.539307086450600309e+03
1.984858310451685481e+00,1.505213861287635154e+04,1.540633456204493314e+03
1.988889022480166968e+00,1.420380235052831449e+04,1.544464968668175061e+03
1.989790965370608067e+00,1.829138927832638728e+04,1.545322537729380201e+03
1.990286880659146052e+00,1.314891239943829169e+04,1.545794086172128345e+03
1.993517641150080566e+00,1.627697145154507962e+04,1.548866644602317137e+03
1.997312645323964464e+00,1.604586090169995077e+04,1.552477014763494026e+03
1.998478163053199141e+00,1.453245676674513197e+04,1.553586087125695485e+03
